session_start_fecha,session_start_hora,duracion_total,user_started_session,not_available_agent_session,category,agent_id,bsuid,botname,operator_id,cuenta,nombre_archivo
2026-10-01,00,3060.0000000000000000,0,0,AUTHENTICATION,"",,IpcomGayossoAPI,,51,01_10_2026_31_10_2026.csv
2026-10-01,00,2160.0000000000000000,0,0,MARKETING,"",,IpcomTokaCorporativo,,36,01_10_2026_31_10_2026.csv
2026-10-01,00,237139.1978300333333320,0,0,UTILITY,"",,IPCOMPentafonBC2,,3940,01_10_2026_31_10_2026.csv
2026-10-01,00,7392.8020543833333334,0,0,UTILITY,"",,IpcomGayossoAPI,,123,01_10_2026_31_10_2026.csv
2026-10-01,00,59.9976291000000000,1,0,marketing_lite,"",,IPCOMApexWOM,,1,01_10_2026_31_10_2026.csv
2026-10-01,00,5222.3619233833333334,0,4,marketing_lite,"",,IpcomTokaCorporativo,,90,01_10_2026_31_10_2026.csv
2026-10-01,00,34.7107355500000000,1,0,,"",CO.1107548055553617,IPCOMPharmaplus,,1,01_10_2026_31_10_2026.csv
2026-10-01,00,5.5697737666666667,1,0,,"",CO.1113562667877480,IPCOMPharmaplus,,1,01_10_2026_31_10_2026.csv
2026-10-01,00,240.0001827166666666,4,0,,"",,BanCoppel_Conver_CM,,4,01_10_2026_31_10_2026.csv
2026-10-01,00,180.0001742666666667,3,0,,"",,CORPCOB_SINGLE,,3,01_10_2026_31_10_2026.csv
2026-10-01,00,1734.80247423333333350000,38,0,,"",,IPCOMApexWOM,,38,01_10_2026_31_10_2026.csv
2026-10-01,00,179.9675257000000000,3,0,,"",,IPCOMGMTMovistar,,3,01_10_2026_31_10_2026.csv
2026-10-01,00,3543.1734156666666669,59,0,,"",,IPCOMPentafon,,59,01_10_2026_31_10_2026.csv
2026-10-01,00,4223.7995080499999999,81,0,,"",,IPCOMPentafonBC1,,81,01_10_2026_31_10_2026.csv
2026-10-01,00,2423.8255440333333333,45,0,,"",,IPCOMPentafonBC2,,45,01_10_2026_31_10_2026.csv
2026-10-01,00,257.1259440000000000,4,0,,"",,IPCOMPentafonBC3,,4,01_10_2026_31_10_2026.csv
2026-10-01,00,1581.1802132166666666,22,0,,"",,IPCOMPentafonBC4,,22,01_10_2026_31_10_2026.csv
2026-10-01,00,179.9663412666666667,3,0,,"",,IpcomDaviviendaHNCobros,,3,01_10_2026_31_10_2026.csv
2026-10-01,00,353.90507806666666673333,10,0,,"",,IpcomGMTCirculoDeCreditoAtencion,,10,01_10_2026_31_10_2026.csv
2026-10-01,00,542.0342324499999999,9,0,,"",,IpcomGayossoAPI,,9,01_10_2026_31_10_2026.csv
2026-10-01,00,59.9976308166666667,1,0,,"",,IpcomPreventa360Z,,1,01_10_2026_31_10_2026.csv
2026-10-01,00,108.6798253666666667,3,0,,"",,IpcomSondaBrilla,,3,01_10_2026_31_10_2026.csv
2026-10-01,00,11.0292466333333333,1,0,,"",,IpcomTOKAPromociones,,1,01_10_2026_31_10_2026.csv
2026-10-01,00,399.1776043500000000,6,0,,"",,IpcomTecMTYRegistroSoluciones,,6,01_10_2026_31_10_2026.csv
2026-10-01,00,699.0346573999999999,16,0,,"",,IpcomTecMTYsoluciones,,16,01_10_2026_31_10_2026.csv
2026-10-01,00,0.13564559999999999998,8,8,,"",,IpcomTokaCorporativo,,8,01_10_2026_31_10_2026.csv
2026-10-01,00,481.1913353500000000,8,0,,"",,PENTAFON_CM_SINGLE,,8,01_10_2026_31_10_2026.csv
2026-10-01,00,60.0000460333333333,1,0,,"",,PENTAFON_GOOGLE_CONVERSACIONAL,,1,01_10_2026_31_10_2026.csv
2026-10-01,00,723.78061696666666663333,13,1,,"",,Simon&Shuster,,13,01_10_2026_31_10_2026.csv
2026-10-01,00,60.0000472166666667,1,0,,"",,UNITEC_CAMPUS_ONLINE_GOOGLE,,1,01_10_2026_31_10_2026.csv
2026-10-01,00,180.0004003833333333,3,0,,"",,UVM_UNITEC_Conver,,3,01_10_2026_31_10_2026.csv
2026-10-01,00,0.11150661666666666667,1,0,,"",,ipcomGayossoCobranza,,1,01_10_2026_31_10_2026.csv
2026-10-01,01,1875.1994715000000000,0,0,AUTHENTICATION,"",,IpcomGayossoAPI,,31,01_10_2026_31_10_2026.csv
2026-10-01,01,1980.0000000000000000,0,0,MARKETING,"",,IpcomTokaCorporativo,,33,01_10_2026_31_10_2026.csv
2026-10-01,01,60.0000000000000000,0,0,UTILITY,"",,IPCOMHaloSupport,,1,01_10_2026_31_10_2026.csv
2026-10-01,01,22324.8545883166666669,0,0,UTILITY,"",,IPCOMPentafonBC4,,386,01_10_2026_31_10_2026.csv
2026-10-01,01,8414.2782063166666667,0,0,UTILITY,"",,IpcomGayossoAPI,,140,01_10_2026_31_10_2026.csv
2026-10-01,01,4976.80526329999999993333,0,7,marketing_lite,"",,IpcomTokaCorporativo,,89,01_10_2026_31_10_2026.csv
2026-10-01,01,49.06414175000000003333,3,0,,"",CO.1107548055553617,IPCOMPharmaplus,,3,01_10_2026_31_10_2026.csv
2026-10-01,01,420.0000000000000000,0,0,,"",,UNITEC_CAMPUS_ONLINE_GOOGLE,118,7,01_10_2026_31_10_2026.csv
2026-10-01,01,780.0000000000000000,0,0,,"",,UNITEC_CAMPUS_ONLINE_GOOGLE,134,13,01_10_2026_31_10_2026.csv
2026-10-01,01,1080.0000000000000000,0,0,,"",,UNITEC_ONLINE_Single,175,18,01_10_2026_31_10_2026.csv
2026-10-01,01,4680.0000000000000000,0,0,,"",,UNITEC_ONLINE_Single,188,78,01_10_2026_31_10_2026.csv
2026-10-01,01,180.0001503333333334,3,0,,"",,BanCoppel_Conver_CM,,3,01_10_2026_31_10_2026.csv
2026-10-01,01,180.0001391500000000,3,0,,"",,CORPCOB_SINGLE,,3,01_10_2026_31_10_2026.csv
2026-10-01,01,180.8356556666666667,3,0,,"",,EXITUS_CREDIT_SINGLE,,3,01_10_2026_31_10_2026.csv
2026-10-01,01,1527.3879458666666667,26,0,,"",,IPCOMApexWOM,,26,01_10_2026_31_10_2026.csv
2026-10-01,01,59.9853370833333333,1,0,,"",,IPCOMExitusCredit,,1,01_10_2026_31_10_2026.csv
2026-10-01,01,60.2264652500000000,1,0,,"",,IPCOMGMTMovistar,,1,01_10_2026_31_10_2026.csv
2026-10-01,01,2656.4811977166666669,44,0,,"",,IPCOMPentafon,,44,01_10_2026_31_10_2026.csv
2026-10-01,01,3664.7533685500000001,62,0,,"",,IPCOMPentafonBC1,,62,01_10_2026_31_10_2026.csv
2026-10-01,01,4073.7831589333333337,66,0,,"",,IPCOMPentafonBC2,,66,01_10_2026_31_10_2026.csv
2026-10-01,01,209.1558588333333333,3,0,,"",,IPCOMPentafonBC3,,3,01_10_2026_31_10_2026.csv
2026-10-01,01,1271.6503992666666666,19,0,,"",,IPCOMPentafonBC4,,19,01_10_2026_31_10_2026.csv
2026-10-01,01,300.3298343499999999,5,0,,"",,IpcomDaviviendaHNCobros,,5,01_10_2026_31_10_2026.csv
2026-10-01,01,424.44258135000000013333,14,7,,"",,IpcomGMTCirculoDeCreditoAtencion,,14,01_10_2026_31_10_2026.csv
2026-10-01,01,296.7090713666666667,4,0,,"",,IpcomGayossoAPI,,4,01_10_2026_31_10_2026.csv
2026-10-01,01,8.9877083000000000,1,0,,"",,IpcomSondaBrilla,,1,01_10_2026_31_10_2026.csv
2026-10-01,01,10.0064537666666667,1,0,,"",,IpcomTOKAPromociones,,1,01_10_2026_31_10_2026.csv
2026-10-01,01,121.3128060500000000,5,0,,"",,IpcomTecMTYRegistroSoluciones,,5,01_10_2026_31_10_2026.csv
2026-10-01,01,607.85400314999999993333,12,1,,"",,IpcomTecMTYsoluciones,,12,01_10_2026_31_10_2026.csv
2026-10-01,01,0.11686453333333333333,6,6,,"",,IpcomTokaCorporativo,,6,01_10_2026_31_10_2026.csv
2026-10-01,01,421.8256855166666666,7,0,,"",,PENTAFON_CM_SINGLE,,7,01_10_2026_31_10_2026.csv
2026-10-01,01,68.5286305500000000,1,0,,"",,PENTAFON_GOOGLE_CONVERSACIONAL,,1,01_10_2026_31_10_2026.csv
2026-10-01,01,1206.50559523333333316667,31,10,,"",,Simon&Shuster,,31,01_10_2026_31_10_2026.csv
2026-10-01,01,60.0000669500000000,1,0,,"",,UNITEC_CAMPUS_ONLINE_GOOGLE,,1,01_10_2026_31_10_2026.csv
2026-10-01,01,60.0000000000000000,0,0,,"",,UNITEC_ONLINE_Single,,1,01_10_2026_31_10_2026.csv
2026-10-01,01,120.0001107500000000,2,0,,"",,UVM_UNITEC_Conver,,2,01_10_2026_31_10_2026.csv
2026-10-01,01,60.0000964000000000,1,0,,"",,UVM_UNITEC_single,,1,01_10_2026_31_10_2026.csv
2026-10-01,01,0.23106868333333333333,1,0,,"",,ipcomGayossoCobranza,,1,01_10_2026_31_10_2026.csv
2026-10-01,01,300.0000000000000000,0,0,,,,RCS_UNITEC_CAMPUS_ONLINE,"",5,01_10_2026_31_10_2026.csv
2026-10-01,01,60.0000000000000000,0,0,,,,RCS_UNITEC_CAMPUS_ONLINE,109,1,01_10_2026_31_10_2026.csv
2026-10-01,01,180.0000000000000000,0,0,,,,RCS_UNITEC_CAMPUS_ONLINE,118,3,01_10_2026_31_10_2026.csv
2026-10-01,01,1320.0000000000000000,0,0,,,,RCS_UNITEC_CAMPUS_ONLINE,134,22,01_10_2026_31_10_2026.csv
2026-10-01,01,60.0000000000000000,0,0,,,,RCS_UNITEC_CAMPUS_ONLINE,180,1,01_10_2026_31_10_2026.csv
2026-10-01,02,1506.8397411500000000,0,0,AUTHENTICATION,"",,IpcomGayossoAPI,,25,01_10_2026_31_10_2026.csv
2026-10-01,02,1680.0000000000000000,0,0,MARKETING,"",,IpcomTokaCorporativo,,28,01_10_2026_31_10_2026.csv
2026-10-01,02,6255.6464670166666667,0,0,UTILITY,"",,IpcomGayossoAPI,,104,01_10_2026_31_10_2026.csv
2026-10-01,02,4983.2628530333333333,0,2,marketing_lite,"",,IpcomTokaCorporativo,,85,01_10_2026_31_10_2026.csv
2026-10-01,02,60.0000462000000000,1,0,,"",,CORPCOB_SINGLE,,1,01_10_2026_31_10_2026.csv
2026-10-01,02,60.0000650500000000,1,0,,"",,Fincomun_single_CM,,1,01_10_2026_31_10_2026.csv
2026-10-01,02,780.2826421000000000,13,0,,"",,IPCOMApexWOM,,13,01_10_2026_31_10_2026.csv
2026-10-01,02,120.2499140500000000,2,0,,"",,IPCOMGMTMovistar,,2,01_10_2026_31_10_2026.csv
2026-10-01,02,1981.9831519166666665,33,0,,"",,IPCOMPentafon,,33,01_10_2026_31_10_2026.csv
2026-10-01,02,1337.0643331333333333,40,0,,"",,IPCOMPentafonBC1,,40,01_10_2026_31_10_2026.csv
2026-10-01,02,1957.7750712333333336,53,0,,"",,IPCOMPentafonBC2,,53,01_10_2026_31_10_2026.csv
2026-10-01,02,82.5094916333333333,1,0,,"",,IPCOMPentafonBC3,,1,01_10_2026_31_10_2026.csv
2026-10-01,02,681.99213328333333343333,22,0,,"",,IPCOMPentafonBC4,,22,01_10_2026_31_10_2026.csv
2026-10-01,02,119.9710763166666667,2,0,,"",,IpcomDaviviendaHNCobros,,2,01_10_2026_31_10_2026.csv
2026-10-01,02,191.1201588833333333,4,1,,"",,IpcomGMTCirculoDeCreditoAtencion,,4,01_10_2026_31_10_2026.csv
2026-10-01,02,885.3978219166666668,14,0,,"",,IpcomGayossoAPI,,14,01_10_2026_31_10_2026.csv
2026-10-01,02,0.51966848333333333333,9,8,,"",,IpcomTecMTYRegistroSoluciones,,9,01_10_2026_31_10_2026.csv
2026-10-01,02,299.93046428333333330000,6,1,,"",,IpcomTecMTYsoluciones,,6,01_10_2026_31_10_2026.csv
2026-10-01,02,0.15284390000000000000,9,9,,"",,IpcomTokaCorporativo,,9,01_10_2026_31_10_2026.csv
2026-10-01,02,300.0002416000000000,5,0,,"",,PENTAFON_CM_SINGLE,,5,01_10_2026_31_10_2026.csv
2026-10-01,02,845.58899655000000000001,19,5,,"",,Simon&Shuster,,19,01_10_2026_31_10_2026.csv
2026-10-01,02,60.45502801666666670000,2,1,,"",,UNITEC_ONLINE_Single,,2,01_10_2026_31_10_2026.csv
2026-10-01,02,120.0000915666666667,2,0,,"",,UVM_UNITEC_Conver,,2,01_10_2026_31_10_2026.csv
2026-10-01,02,23.4925607333333334,2,0,,"",,ipcomGayossoCobranza,,2,01_10_2026_31_10_2026.csv
2026-10-01,03,1440.0000000000000000,0,0,AUTHENTICATION,"",,IpcomGayossoAPI,,24,01_10_2026_31_10_2026.csv
2026-10-01,03,1560.0000000000000000,0,0,MARKETING,"",,IpcomTokaCorporativo,,26,01_10_2026_31_10_2026.csv
2026-10-01,03,6435.1288323833333333,0,0,UTILITY,"",,IpcomGayossoAPI,,107,01_10_2026_31_10_2026.csv
2026-10-01,03,4207.73784581666666663333,0,3,marketing_lite,"",,IpcomTokaCorporativo,,73,01_10_2026_31_10_2026.csv
2026-10-01,03,60.4658859000000000,1,0,,"",,CORPCOB_SINGLE,,1,01_10_2026_31_10_2026.csv
2026-10-01,03,60.0003728666666667,1,0,,"",,EXITUS_CREDIT_SINGLE,,1,01_10_2026_31_10_2026.csv
2026-10-01,03,120.0000991166666667,2,0,,"",,EXITUS_VENTAS_CNV,,2,01_10_2026_31_10_2026.csv
2026-10-01,03,452.8970518833333332,8,1,,"",,IPCOMApexWOM,,8,01_10_2026_31_10_2026.csv
2026-10-01,03,119.9695465333333333,2,0,,"",,IPCOMGMTMovistar,,2,01_10_2026_31_10_2026.csv
2026-10-01,03,779.8691062999999999,13,0,,"",,IPCOMPentafon,,13,01_10_2026_31_10_2026.csv
2026-10-01,03,741.6797796833333333,27,0,,"",,IPCOMPentafonBC1,,27,01_10_2026_31_10_2026.csv
2026-10-01,03,870.6749741166666664,29,0,,"",,IPCOMPentafonBC2,,29,01_10_2026_31_10_2026.csv
2026-10-01,03,85.08814273333333330000,5,0,,"",,IPCOMPentafonBC3,,5,01_10_2026_31_10_2026.csv
2026-10-01,03,251.25269904999999993333,12,0,,"",,IPCOMPentafonBC4,,12,01_10_2026_31_10_2026.csv
2026-10-01,03,179.9688263166666666,3,0,,"",,IpcomDaviviendaHNCobros,,3,01_10_2026_31_10_2026.csv
2026-10-01,03,303.0168483500000001,7,2,,"",,IpcomGMTCirculoDeCreditoAtencion,,7,01_10_2026_31_10_2026.csv
2026-10-01,03,485.9850740500000000,8,0,,"",,IpcomGayossoAPI,,8,01_10_2026_31_10_2026.csv
2026-10-01,03,0.40483023333333333333,1,0,,"",,IpcomSondaBrilla,,1,01_10_2026_31_10_2026.csv
2026-10-01,03,0.03434006666666666667,2,2,,"",,IpcomTecMTYRegistroSoluciones,,2,01_10_2026_31_10_2026.csv
2026-10-01,03,119.99941470000000000000,5,3,,"",,IpcomTecMTYsoluciones,,5,01_10_2026_31_10_2026.csv
2026-10-01,03,0.41998064999999999999,10,10,,"",,IpcomTokaCorporativo,,10,01_10_2026_31_10_2026.csv
2026-10-01,03,180.0527788999999999,3,0,,"",,PENTAFON_CM_SINGLE,,3,01_10_2026_31_10_2026.csv
2026-10-01,03,60.0004070666666667,1,0,,"",,PENTAFON_GOOGLE_CONVERSACIONAL,,1,01_10_2026_31_10_2026.csv
2026-10-01,03,240.0004347500000000,4,0,,"",,Simon&Shuster,,4,01_10_2026_31_10_2026.csv
2026-10-01,03,3.5238791166666667,1,0,,"",,ipcomGayossoCobranza,,1,01_10_2026_31_10_2026.csv
2026-10-01,04,1560.0000000000000000,0,0,AUTHENTICATION,"",,IpcomGayossoAPI,,26,01_10_2026_31_10_2026.csv
2026-10-01,04,1680.0000000000000000,0,0,MARKETING,"",,IpcomTokaCorporativo,,28,01_10_2026_31_10_2026.csv
2026-10-01,04,1334.6545801500000000,0,0,UTILITY,"",,IpcomGayossoAPI,,22,01_10_2026_31_10_2026.csv
2026-10-01,04,3852.62330878333333326667,0,5,marketing_lite,"",,IpcomTokaCorporativo,,68,01_10_2026_31_10_2026.csv
2026-10-01,04,120.0001097333333334,2,0,,"",,BanCoppel_Conver_CM,,2,01_10_2026_31_10_2026.csv
2026-10-01,04,60.0243945666666667,1,0,,"",,CORPCOB_SINGLE,,1,01_10_2026_31_10_2026.csv
2026-10-01,04,119.9704740333333334,2,0,,"",,IPCOMApexWOM,,2,01_10_2026_31_10_2026.csv
2026-10-01,04,59.9853293000000000,1,0,,"",,IPCOMGMTMovistar,,1,01_10_2026_31_10_2026.csv
2026-10-01,04,899.9681668999999999,15,0,,"",,IPCOMPentafon,,15,01_10_2026_31_10_2026.csv
2026-10-01,04,545.9228136833333334,10,0,,"",,IPCOMPentafonBC1,,10,01_10_2026_31_10_2026.csv
2026-10-01,04,1080.7498432666666667,18,5,,"",,IPCOMPentafonBC2,,18,01_10_2026_31_10_2026.csv
2026-10-01,04,720.1048473500000000,12,0,,"",,IPCOMPentafonBC4,,12,01_10_2026_31_10_2026.csv
2026-10-01,04,60.9938904833333333,1,0,,"",,IpcomDaviviendaHNCobros,,1,01_10_2026_31_10_2026.csv
2026-10-01,04,179.8184558666666666,5,1,,"",,IpcomGMTCirculoDeCreditoAtencion,,5,01_10_2026_31_10_2026.csv
2026-10-01,04,239.9358486333333334,4,0,,"",,IpcomGayossoAPI,,4,01_10_2026_31_10_2026.csv
2026-10-01,04,10.0147019833333333,1,0,,"",,IpcomTOKAPromociones,,1,01_10_2026_31_10_2026.csv
2026-10-01,04,299.9315704333333333,5,0,,"",,IpcomTecMTYsoluciones,,5,01_10_2026_31_10_2026.csv
2026-10-01,04,0.06988741666666666667,4,4,,"",,IpcomTokaCorporativo,,4,01_10_2026_31_10_2026.csv
2026-10-01,04,120.2551046500000000,2,0,,"",,PENTAFON_CM_SINGLE,,2,01_10_2026_31_10_2026.csv
2026-10-01,04,480.0008814333333333,8,0,,"",,Simon&Shuster,,8,01_10_2026_31_10_2026.csv
2026-10-01,04,60.0000486000000000,1,0,,"",,UNITEC_CAMPUS_ONLINE_GOOGLE,,1,01_10_2026_31_10_2026.csv
2026-10-01,04,180.0001452500000000,3,0,,"",,UVM_UNITEC_Conver,,3,01_10_2026_31_10_2026.csv
2026-10-01,05,360.0000000000000000,0,0,AUTHENTICATION,"",,IpcomGayossoAPI,,6,01_10_2026_31_10_2026.csv
2026-10-01,05,8.1670603833333333,0,0,MARKETING,"",CO.2244009422800563,IPCOMColombiaNew,,2,01_10_2026_31_10_2026.csv
2026-10-01,05,9.0367025166666667,0,0,MARKETING,"",CO.2244595212741984,IPCOMColombiaNew,,2,01_10_2026_31_10_2026.csv
2026-10-01,05,63.7293531833333333,0,0,MARKETING,"",CO.2245025589365613,IPCOMColombiaNew,,2,01_10_2026_31_10_2026.csv
2026-10-01,05,63.2071307333333333,0,0,MARKETING,"",CO.2256561021545403,IPCOMColombiaNew,,2,01_10_2026_31_10_2026.csv
2026-10-01,05,8.8273372166666666,0,0,MARKETING,"",CO.2262203264314512,IPCOMColombiaNew,,2,01_10_2026_31_10_2026.csv
2026-10-01,05,360.0000000000000000,0,0,MARKETING,"",,IPCOMColombiaNew,,6,01_10_2026_31_10_2026.csv
2026-10-01,05,600.0000000000000000,0,0,MARKETING,"",,IpcomTokaCorporativo,,10,01_10_2026_31_10_2026.csv
2026-10-01,05,841.7092193500000000,0,0,UTILITY,"",,IpcomGayossoAPI,,14,01_10_2026_31_10_2026.csv
2026-10-01,05,2342.5612722833333333,0,1,marketing_lite,"",,IpcomTokaCorporativo,,40,01_10_2026_31_10_2026.csv
2026-10-01,05,4.4373711500000000,2,0,,"",CO.2244009422800563,IPCOMColombiaNew,,2,01_10_2026_31_10_2026.csv
2026-10-01,05,0.31302628333333333333,1,0,,"",CO.2244595212741984,IPCOMColombiaNew,,1,01_10_2026_31_10_2026.csv
2026-10-01,05,6.7911370833333334,2,0,,"",CO.2262203264314512,IPCOMColombiaNew,,2,01_10_2026_31_10_2026.csv
2026-10-01,05,60.0000497166666667,1,0,,"",,BanCoppel_Conver_CM,,1,01_10_2026_31_10_2026.csv
2026-10-01,05,183.5702140833333334,3,0,,"",,IPCOMApexWOM,,3,01_10_2026_31_10_2026.csv
2026-10-01,05,419.9072647000000000,7,0,,"",,IPCOMPentafon,,7,01_10_2026_31_10_2026.csv
2026-10-01,05,479.8790541833333334,8,0,,"",,IPCOMPentafonBC1,,8,01_10_2026_31_10_2026.csv
2026-10-01,05,419.9824367833333333,7,1,,"",,IPCOMPentafonBC2,,7,01_10_2026_31_10_2026.csv
2026-10-01,05,180.0300126500000000,3,1,,"",,IPCOMPentafonBC3,,3,01_10_2026_31_10_2026.csv
2026-10-01,05,179.9562737500000000,3,0,,"",,IPCOMPentafonBC4,,3,01_10_2026_31_10_2026.csv
2026-10-01,05,59.9854176166666667,1,0,,"",,IpcomDaviviendaHNCobros,,1,01_10_2026_31_10_2026.csv
2026-10-01,05,122.1759982833333334,4,1,,"",,IpcomGMTCirculoDeCreditoAtencion,,4,01_10_2026_31_10_2026.csv
2026-10-01,05,10.0655718000000000,1,0,,"",,IpcomTOKAPromociones,,1,01_10_2026_31_10_2026.csv
2026-10-01,05,179.96192070000000003333,4,1,,"",,IpcomTecMTYsoluciones,,4,01_10_2026_31_10_2026.csv
2026-10-01,05,120.0000843000000000,2,0,,"",,PENTAFON_CM_SINGLE,,2,01_10_2026_31_10_2026.csv
2026-10-01,05,120.0001063666666667,2,0,,"",,PENTAFON_GOOGLE_CONVERSACIONAL,,2,01_10_2026_31_10_2026.csv
2026-10-01,05,362.36606321666666666667,8,2,,"",,Simon&Shuster,,8,01_10_2026_31_10_2026.csv
2026-10-01,05,60.0000345000000000,1,0,,"",,UNITEC_ONLINE_Single,,1,01_10_2026_31_10_2026.csv
2026-10-01,05,241.9425810166666666,4,0,,"",,UVM_UNITEC_Conver,,4,01_10_2026_31_10_2026.csv
2026-10-01,06,240.0000000000000000,0,0,AUTHENTICATION,"",,IpcomGayossoAPI,,4,01_10_2026_31_10_2026.csv
2026-10-01,06,1020.0000000000000000,0,0,MARKETING,"",,IpcomTokaCorporativo,,17,01_10_2026_31_10_2026.csv
2026-10-01,06,1505.91287846666666666667,0,2,marketing_lite,"",,IpcomTokaCorporativo,,27,01_10_2026_31_10_2026.csv
2026-10-01,06,60.0000606166666667,1,0,,"",,BanCoppel_Conver_CM,,1,01_10_2026_31_10_2026.csv
2026-10-01,06,60.0000583000000000,1,0,,"",,CORPCOB_SINGLE,,1,01_10_2026_31_10_2026.csv
2026-10-01,06,60.0000555833333333,1,0,,"",,EXITUS_CREDIT_SINGLE,,1,01_10_2026_31_10_2026.csv
2026-10-01,06,59.9853964666666667,1,0,,"",,IPCOMApexWOM,,1,01_10_2026_31_10_2026.csv
2026-10-01,06,179.9554581000000000,3,0,,"",,IPCOMPentafon,,3,01_10_2026_31_10_2026.csv
2026-10-01,06,180.4083948666666667,3,0,,"",,IPCOMPentafonBC1,,3,01_10_2026_31_10_2026.csv
2026-10-01,06,180.0972520166666667,3,1,,"",,IPCOMPentafonBC2,,3,01_10_2026_31_10_2026.csv
2026-10-01,06,120.1469754833333334,2,0,,"",,IPCOMPentafonBC4,,2,01_10_2026_31_10_2026.csv
2026-10-01,06,239.7201721666666667,5,0,,"",,IpcomGMTCirculoDeCreditoAtencion,,5,01_10_2026_31_10_2026.csv
2026-10-01,06,59.9839963500000000,1,0,,"",,IpcomTecMTYsoluciones,,1,01_10_2026_31_10_2026.csv
2026-10-01,06,0.03603505000000000000,2,2,,"",,IpcomTokaCorporativo,,2,01_10_2026_31_10_2026.csv
2026-10-01,06,180.0001224000000000,3,0,,"",,PENTAFON_CM_SINGLE,,3,01_10_2026_31_10_2026.csv
2026-10-01,06,120.20561650000000000000,3,1,,"",,Simon&Shuster,,3,01_10_2026_31_10_2026.csv
2026-10-01,06,60.0000479000000000,1,0,,"",,UVM_UNITEC_Conver,,1,01_10_2026_31_10_2026.csv
2026-10-01,07,180.0000000000000000,0,0,AUTHENTICATION,"",,IpcomGayossoAPI,,3,01_10_2026_31_10_2026.csv
2026-10-01,07,362.34293665000000000000,0,2,MARKETING,"",,IpcomTokaCorporativo,,8,01_10_2026_31_10_2026.csv
2026-10-01,07,974.1550003333333333,0,1,marketing_lite,"",,IpcomTokaCorporativo,,17,01_10_2026_31_10_2026.csv
2026-10-01,07,60.2987453333333333,1,0,,"",,CORPCOB_SINGLE,,1,01_10_2026_31_10_2026.csv
2026-10-01,07,119.9701549166666666,2,0,,"",,IPCOMApexWOM,,2,01_10_2026_31_10_2026.csv
2026-10-01,07,60.2812274833333333,1,0,,"",,IPCOMGMTMovistar,,1,01_10_2026_31_10_2026.csv
2026-10-01,07,59.9847651666666667,1,0,,"",,IPCOMPentafon,,1,01_10_2026_31_10_2026.csv
2026-10-01,07,119.9701904666666667,2,0,,"",,IPCOMPentafonBC1,,2,01_10_2026_31_10_2026.csv
2026-10-01,07,360.0677569333333332,6,1,,"",,IPCOMPentafonBC2,,6,01_10_2026_31_10_2026.csv
2026-10-01,07,59.9852933666666667,1,0,,"",,IPCOMPentafonBC4,,1,01_10_2026_31_10_2026.csv
2026-10-01,07,62.2296573666666667,1,0,,"",,IpcomDaviviendaHNCobros,,1,01_10_2026_31_10_2026.csv
2026-10-01,07,59.9840186500000000,1,0,,"",,IpcomTecMTYsoluciones,,1,01_10_2026_31_10_2026.csv
2026-10-01,07,0.07278163333333333334,3,3,,"",,IpcomTokaCorporativo,,3,01_10_2026_31_10_2026.csv
2026-10-01,07,420.71365551666666670000,9,2,,"",,Simon&Shuster,,9,01_10_2026_31_10_2026.csv
2026-10-01,08,60.0000000000000000,0,0,AUTHENTICATION,"",,IpcomGayossoAPI,,1,01_10_2026_31_10_2026.csv
2026-10-01,08,120.0000000000000000,0,0,MARKETING,"",,IpcomTokaCorporativo,,2,01_10_2026_31_10_2026.csv
2026-10-01,08,600.0000000000000000,0,0,marketing_lite,"",,IpcomTokaCorporativo,,10,01_10_2026_31_10_2026.csv
2026-10-01,08,60.0000423166666667,1,0,,"",,EXITUS_CREDIT_SINGLE,,1,01_10_2026_31_10_2026.csv
2026-10-01,08,60.0000420000000000,1,0,,"",,EXITUS_VENTAS_CNV,,1,01_10_2026_31_10_2026.csv
2026-10-01,08,120.6717015333333334,2,0,,"",,IPCOMApexWOM,,2,01_10_2026_31_10_2026.csv
2026-10-01,08,179.9547613500000000,3,0,,"",,IPCOMPentafon,,3,01_10_2026_31_10_2026.csv
2026-10-01,08,59.9853733666666667,1,0,,"",,IPCOMPentafonBC1,,1,01_10_2026_31_10_2026.csv
2026-10-01,08,59.9853566500000000,1,0,,"",,IPCOMPentafonBC3,,1,01_10_2026_31_10_2026.csv
2026-10-01,08,0.01692738333333333333,1,1,,"",,IpcomTokaCorporativo,,1,01_10_2026_31_10_2026.csv
2026-10-01,08,361.13365930000000006667,7,1,,"",,Simon&Shuster,,7,01_10_2026_31_10_2026.csv
2026-10-01,09,60.0000000000000000,0,0,MARKETING,"",,IpcomTokaCorporativo,,1,01_10_2026_31_10_2026.csv
2026-10-01,09,180.0000000000000000,0,0,marketing_lite,"",,IpcomTokaCorporativo,,3,01_10_2026_31_10_2026.csv
2026-10-01,09,60.0000000000000000,1,0,,"",,IPCOMApexWOM,,1,01_10_2026_31_10_2026.csv
2026-10-01,09,59.9846470666666667,1,0,,"",,IPCOMPentafonBC2,,1,01_10_2026_31_10_2026.csv
2026-10-01,09,60.0003394833333333,1,0,,"",,PENTAFON_GOOGLE_CONVERSACIONAL,,1,01_10_2026_31_10_2026.csv
2026-10-01,09,481.87509408333333346667,11,3,,"",,Simon&Shuster,,11,01_10_2026_31_10_2026.csv
2026-10-01,10,60.0000000000000000,0,0,AUTHENTICATION,"",,IpcomGayossoAPI,,1,01_10_2026_31_10_2026.csv
2026-10-01,10,660.0000000000000000,0,0,MARKETING,"",,IpcomTokaCorporativo,,11,01_10_2026_31_10_2026.csv
2026-10-01,10,360.0000000000000000,0,0,marketing_lite,"",,IpcomTokaCorporativo,,6,01_10_2026_31_10_2026.csv
2026-10-01,10,60.0000376000000000,1,0,,"",,BanCoppel_Conver_CM,,1,01_10_2026_31_10_2026.csv
2026-10-01,10,59.9855014500000000,1,0,,"",,IPCOMPentafon,,1,01_10_2026_31_10_2026.csv
2026-10-01,10,119.9668324166666666,2,0,,"",,IPCOMPentafonBC2,,2,01_10_2026_31_10_2026.csv
2026-10-01,10,0.02638083333333333333,1,1,,"",,IpcomTokaCorporativo,,1,01_10_2026_31_10_2026.csv
2026-10-01,10,483.23759718333333343333,10,2,,"",,Simon&Shuster,,10,01_10_2026_31_10_2026.csv
2026-10-01,11,60.0000000000000000,0,0,AUTHENTICATION,"",,IpcomGayossoAPI,,1,01_10_2026_31_10_2026.csv
2026-10-01,11,60.0000000000000000,0,0,MARKETING,"",,IpcomTokaCorporativo,,1,01_10_2026_31_10_2026.csv
2026-10-01,11,180.0000000000000000,0,0,marketing_lite,"",,IpcomTokaCorporativo,,3,01_10_2026_31_10_2026.csv
2026-10-01,11,779.2722740666666666,12,0,,"",,IPCOMApexWOM,,12,01_10_2026_31_10_2026.csv
2026-10-01,11,179.9544532000000000,3,0,,"",,IPCOMPentafon,,3,01_10_2026_31_10_2026.csv
2026-10-01,11,59.9853802000000000,1,0,,"",,IPCOMPentafonBC1,,1,01_10_2026_31_10_2026.csv
2026-10-01,11,180.0312415333333333,3,1,,"",,IPCOMPentafonBC2,,3,01_10_2026_31_10_2026.csv
2026-10-01,11,59.9846366500000000,1,0,,"",,IPCOMPentafonBC4,,1,01_10_2026_31_10_2026.csv
2026-10-01,11,119.9853759500000000,2,0,,"",,IpcomDaviviendaHNCobros,,2,01_10_2026_31_10_2026.csv
2026-10-01,11,59.9846634833333333,1,0,,"",,IpcomPreventa360Z,,1,01_10_2026_31_10_2026.csv
2026-10-01,11,60.0000000000000000,1,0,,"",,IpcomTecMTYRegistroSoluciones,,1,01_10_2026_31_10_2026.csv
2026-10-01,11,0.02107406666666666667,1,1,,"",,IpcomTecMTYsoluciones,,1,01_10_2026_31_10_2026.csv
2026-10-01,11,60.0000401500000000,1,0,,"",,PENTAFON_CM_SINGLE,,1,01_10_2026_31_10_2026.csv
2026-10-01,11,542.57404744999999999999,15,6,,"",,Simon&Shuster,,15,01_10_2026_31_10_2026.csv
2026-10-01,11,60.1072520500000000,1,0,,"",,UVM_UNITEC_Conver,,1,01_10_2026_31_10_2026.csv
2026-10-01,12,60.0000000000000000,0,0,AUTHENTICATION,"",,IpcomGayossoAPI,,1,01_10_2026_31_10_2026.csv
2026-10-01,12,1026.2334229333333334,0,3,marketing_lite,"",,IpcomTokaCorporativo,,20,01_10_2026_31_10_2026.csv
2026-10-01,12,60.0000768333333333,1,0,,"",,BanCoppel_Conver_CM,,1,01_10_2026_31_10_2026.csv
2026-10-01,12,59.9844165500000000,1,0,,"",,DaviviendaHondurasFraudes,,1,01_10_2026_31_10_2026.csv
2026-10-01,12,1030.4719140666666667,15,0,,"",,IPCOMApexWOM,,15,01_10_2026_31_10_2026.csv
2026-10-01,12,59.9851392833333333,1,0,,"",,IPCOMGMTMovistar,,1,01_10_2026_31_10_2026.csv
2026-10-01,12,179.9545256166666666,3,0,,"",,IPCOMPentafon,,3,01_10_2026_31_10_2026.csv
2026-10-01,12,419.9239694500000000,7,0,,"",,IPCOMPentafonBC1,,7,01_10_2026_31_10_2026.csv
2026-10-01,12,479.9583047000000000,8,1,,"",,IPCOMPentafonBC2,,8,01_10_2026_31_10_2026.csv
2026-10-01,12,59.9977631833333333,1,0,,"",,IPCOMPentafonBC4,,1,01_10_2026_31_10_2026.csv
2026-10-01,12,66.4660204166666667,2,1,,"",,IpcomGMTCirculoDeCreditoAtencion,,2,01_10_2026_31_10_2026.csv
2026-10-01,12,120.4335670666666666,2,0,,"",,IpcomGayossoAPI,,2,01_10_2026_31_10_2026.csv
2026-10-01,12,12.03274170000000000000,3,0,,"",,IpcomSondaBrilla,,3,01_10_2026_31_10_2026.csv
2026-10-01,12,0.03014790000000000000,1,1,,"",,IpcomTecMTYRegistroSoluciones,,1,01_10_2026_31_10_2026.csv
2026-10-01,12,0.03475520000000000000,2,2,,"",,IpcomTokaCorporativo,,2,01_10_2026_31_10_2026.csv
2026-10-01,12,60.0000360666666667,1,0,,"",,PENTAFON_CM_SINGLE,,1,01_10_2026_31_10_2026.csv
2026-10-01,12,302.62419076666666670000,7,2,,"",,Simon&Shuster,,7,01_10_2026_31_10_2026.csv
2026-10-01,12,120.0000678000000000,2,0,,"",,UVM_UNITEC_Conver,,2,01_10_2026_31_10_2026.csv
2026-10-01,13,420.0000000000000000,0,0,AUTHENTICATION,"",,IpcomGayossoAPI,,7,01_10_2026_31_10_2026.csv
2026-10-01,13,603.2326723666666667,0,1,MARKETING,"",,IpcomTokaCorporativo,,11,01_10_2026_31_10_2026.csv
2026-10-01,13,2345.5622528833333333,0,2,marketing_lite,"",,IpcomTokaCorporativo,,41,01_10_2026_31_10_2026.csv
2026-10-01,13,11.1808767833333333,1,0,,"",CO.1549613886634171,IPCOMEmdecobPH,,1,01_10_2026_31_10_2026.csv
2026-10-01,13,21.1219490833333333,2,0,,"",CO.2012713596033490,IPCOMEmdecobPH,,2,01_10_2026_31_10_2026.csv
2026-10-01,13,60.0005547666666667,1,0,,"",,ASESORIA_BYR_BASIC,,1,01_10_2026_31_10_2026.csv
2026-10-01,13,60.0015345333333333,1,0,,"",,EXITUS_VENTAS_CNV,,1,01_10_2026_31_10_2026.csv
2026-10-01,13,875.8130441166666666,14,0,,"",,IPCOMApexWOM,,14,01_10_2026_31_10_2026.csv
2026-10-01,13,119.9705876333333333,2,0,,"",,IPCOMGMTMovistar,,2,01_10_2026_31_10_2026.csv
2026-10-01,13,181.2341317666666667,3,0,,"",,IPCOMPentafon,,3,01_10_2026_31_10_2026.csv
2026-10-01,13,1291.3231197499999997,17,0,,"",,IPCOMPentafonBC1,,17,01_10_2026_31_10_2026.csv
2026-10-01,13,622.6382054500000000,8,0,,"",,IPCOMPentafonBC2,,8,01_10_2026_31_10_2026.csv
2026-10-01,13,60.0020909000000000,1,0,,"",,IPCOMPentafonBC3,,1,01_10_2026_31_10_2026.csv
2026-10-01,13,300.4481610166666667,5,0,,"",,IPCOMPentafonBC4,,5,01_10_2026_31_10_2026.csv
2026-10-01,13,240.0105653333333333,4,0,,"",,IpcomDaviviendaHNCobros,,4,01_10_2026_31_10_2026.csv
2026-10-01,13,3.26284833333333330000,2,1,,"",,IpcomGMTCirculoDeCreditoAtencion,,2,01_10_2026_31_10_2026.csv
2026-10-01,13,119.9678910666666666,2,0,,"",,IpcomGayossoAPI,,2,01_10_2026_31_10_2026.csv
2026-10-01,13,193.3669054666666667,5,0,,"",,IpcomSondaBrilla,,5,01_10_2026_31_10_2026.csv
2026-10-01,13,34.3504989833333333,3,0,,"",,IpcomTOKAPromociones,,3,01_10_2026_31_10_2026.csv
2026-10-01,13,0.01730766666666666667,1,1,,"",,IpcomTecMTYRegistroSoluciones,,1,01_10_2026_31_10_2026.csv
2026-10-01,13,119.9649801500000000,2,0,,"",,IpcomTecMTYsoluciones,,2,01_10_2026_31_10_2026.csv
2026-10-01,13,0.06246168333333333333,3,3,,"",,IpcomTokaCorporativo,,3,01_10_2026_31_10_2026.csv
2026-10-01,13,180.5862984000000001,3,0,,"",,PENTAFON_CM_SINGLE,,3,01_10_2026_31_10_2026.csv
2026-10-01,13,60.0000372500000000,1,0,,"",,PENTAFON_GOOGLE_CONVERSACIONAL,,1,01_10_2026_31_10_2026.csv
2026-10-01,13,1110.6383566500000001,18,0,,"",,Simon&Shuster,,18,01_10_2026_31_10_2026.csv
2026-10-01,13,60.0001013000000000,1,0,,"",,UVM_UNITEC_Conver,,1,01_10_2026_31_10_2026.csv
2026-10-01,13,59.9832144000000000,1,0,,"",,ipcomGayossoCobranza,,1,01_10_2026_31_10_2026.csv
2026-10-01,14,120.0000000000000000,0,0,AUTHENTICATION,"",,IpcomGayossoAPI,,2,01_10_2026_31_10_2026.csv
2026-10-01,14,840.0000000000000000,0,0,MARKETING,"",,IpcomTokaCorporativo,,14,01_10_2026_31_10_2026.csv
2026-10-01,14,24246.6903783000000001,0,0,UTILITY,"",,IpcomDaviviendaHNCobros,,398,01_10_2026_31_10_2026.csv
2026-10-01,14,300.0000000000000000,0,0,UTILITY,"",,IpcomGayossoAPI,,5,01_10_2026_31_10_2026.csv
2026-10-01,14,3606.1306398333333333,0,5,marketing_lite,"",,IpcomTokaCorporativo,,64,01_10_2026_31_10_2026.csv
2026-10-01,14,60.0000000000000000,0,0,marketing_lite,69f23acf21a9e550e824cc8f,,IPCOMApexWOM,,1,01_10_2026_31_10_2026.csv
2026-10-01,14,101.2474728333333333,1,0,,"",CO.1324779856262236,IpcomTecMTYWhatsApp,,1,01_10_2026_31_10_2026.csv
2026-10-01,14,73.0214256166666667,1,0,,"",CO.1655373196001393,IpcomTecMTYWhatsApp,,1,01_10_2026_31_10_2026.csv
2026-10-01,14,11.2260449000000000,1,0,,"",CO.1751383922814580,IPCOMEmdecobPH,,1,01_10_2026_31_10_2026.csv
2026-10-01,14,84.6116872166666667,1,0,,"",CO.2255037278397562,IpcomTecMTYWhatsApp,,1,01_10_2026_31_10_2026.csv
2026-10-01,14,26.5490853333333333,3,0,,"",CO.4463072697239845,IpcomTecMTYWhatsApp,,3,01_10_2026_31_10_2026.csv
2026-10-01,14,59.9976719166666667,1,0,,"",MX.4462355247311590,IpcomTecMTYWhatsApp,,1,01_10_2026_31_10_2026.csv
2026-10-01,14,5.4110911166666667,1,0,,"",VE.1748884912839980,IpcomTecMTYWhatsApp,,1,01_10_2026_31_10_2026.csv
2026-10-01,14,184.8572059333333334,3,0,,"",,BanCoppel_Conver_CM,,3,01_10_2026_31_10_2026.csv
2026-10-01,14,60.0013258500000000,1,0,,"",,CORPCOB_SINGLE,,1,01_10_2026_31_10_2026.csv
2026-10-01,14,120.0005158666666666,2,0,,"",,EXITUS_CREDIT_SINGLE,,2,01_10_2026_31_10_2026.csv
2026-10-01,14,707.6988263166666667,11,0,,"",,IPCOMApexWOM,,11,01_10_2026_31_10_2026.csv
2026-10-01,14,59.9976047833333333,1,0,,"",,IPCOMGMTMovistar,,1,01_10_2026_31_10_2026.csv
2026-10-01,14,659.9448981333333333,11,0,,"",,IPCOMPentafon,,11,01_10_2026_31_10_2026.csv
2026-10-01,14,635.9005270000000001,8,0,,"",,IPCOMPentafonBC1,,8,01_10_2026_31_10_2026.csv
2026-10-01,14,428.3152496833333332,7,0,,"",,IPCOMPentafonBC2,,7,01_10_2026_31_10_2026.csv
2026-10-01,14,139.8115329000000000,2,0,,"",,IPCOMPentafonBC3,,2,01_10_2026_31_10_2026.csv
2026-10-01,14,265.0378523666666666,3,0,,"",,IPCOMPentafonBC4,,3,01_10_2026_31_10_2026.csv
2026-10-01,14,60.3062761833333333,1,0,,"",,IPCOMTMKGLOBAL,,1,01_10_2026_31_10_2026.csv
2026-10-01,14,122.5436632666666666,2,0,,"",,IpcomDaviviendaHNCobros,,2,01_10_2026_31_10_2026.csv
2026-10-01,14,85.26395729999999996667,3,2,,"",,IpcomGMTCirculoDeCreditoAtencion,,3,01_10_2026_31_10_2026.csv
2026-10-01,14,239.9365476500000000,4,0,,"",,IpcomGayossoAPI,,4,01_10_2026_31_10_2026.csv
2026-10-01,14,274.5469378166666667,6,0,,"",,IpcomSondaBrilla,,6,01_10_2026_31_10_2026.csv
2026-10-01,14,10.0094328500000000,1,0,,"",,IpcomTOKAPromociones,,1,01_10_2026_31_10_2026.csv
2026-10-01,14,0.03524398333333333333,2,2,,"",,IpcomTecMTYRegistroSoluciones,,2,01_10_2026_31_10_2026.csv
2026-10-01,14,60.14737333333333333333,4,3,,"",,IpcomTecMTYsoluciones,,4,01_10_2026_31_10_2026.csv
2026-10-01,14,0.13568296666666666667,8,8,,"",,IpcomTokaCorporativo,,8,01_10_2026_31_10_2026.csv
2026-10-01,14,120.0000759000000000,2,0,,"",,PENTAFON_CM_SINGLE,,2,01_10_2026_31_10_2026.csv
2026-10-01,14,1236.2669432333333334,21,0,,"",,Simon&Shuster,,21,01_10_2026_31_10_2026.csv
2026-10-01,15,720.0000000000000000,0,0,AUTHENTICATION,"",,IpcomGayossoAPI,,12,01_10_2026_31_10_2026.csv
2026-10-01,15,3420.0000000000000000,0,0,MARKETING,"",,IpcomTokaCorporativo,,57,01_10_2026_31_10_2026.csv
2026-10-01,15,1620.0000000000000000,0,0,UTILITY,"",,IpcomGayossoAPI,,27,01_10_2026_31_10_2026.csv
2026-10-01,15,2832.1075362666666666,0,3,marketing_lite,"",,IpcomTokaCorporativo,,50,01_10_2026_31_10_2026.csv
2026-10-01,15,36.6402309666666667,1,0,,"",VE.1748884912839980,IpcomTecMTYWhatsApp,,1,01_10_2026_31_10_2026.csv
2026-10-01,15,60.1359102666666667,1,0,,"",,BanCoppel_Conver_CM,,1,01_10_2026_31_10_2026.csv
2026-10-01,15,60.0000365500000000,1,0,,"",,CORPCOB_SINGLE,,1,01_10_2026_31_10_2026.csv
2026-10-01,15,60.2702824333333333,1,0,,"",,EXITUS_CREDIT_SINGLE,,1,01_10_2026_31_10_2026.csv
2026-10-01,15,1132.63850243333333333333,20,0,,"",,IPCOMApexWOM,,20,01_10_2026_31_10_2026.csv
2026-10-01,15,294.8181985666666667,5,0,,"",,IPCOMGMTMovistar,,5,01_10_2026_31_10_2026.csv
2026-10-01,15,731.6540950999999999,12,0,,"",,IPCOMPentafon,,12,01_10_2026_31_10_2026.csv
2026-10-01,15,427.9189315166666667,7,0,,"",,IPCOMPentafonBC1,,7,01_10_2026_31_10_2026.csv
2026-10-01,15,726.9697384333333332,9,0,,"",,IPCOMPentafonBC2,,9,01_10_2026_31_10_2026.csv
2026-10-01,15,348.07371281666666673333,5,0,,"",,IPCOMPentafonBC3,,5,01_10_2026_31_10_2026.csv
2026-10-01,15,360.3986319000000000,6,0,,"",,IPCOMPentafonBC4,,6,01_10_2026_31_10_2026.csv
2026-10-01,15,634.8933961833333335,10,0,,"",,IpcomDaviviendaHNCobros,,10,01_10_2026_31_10_2026.csv
2026-10-01,15,911.4149225333333334,16,0,,"",,IpcomGMTCirculoDeCreditoAtencion,,16,01_10_2026_31_10_2026.csv
2026-10-01,15,301.6017841333333333,5,0,,"",,IpcomGayossoAPI,,5,01_10_2026_31_10_2026.csv
2026-10-01,15,115.6396756166666667,4,0,,"",,IpcomSondaBrilla,,4,01_10_2026_31_10_2026.csv
2026-10-01,15,0.01691823333333333333,1,1,,"",,IpcomTecMTYRegistroSoluciones,,1,01_10_2026_31_10_2026.csv
2026-10-01,15,179.98206006666666663333,6,3,,"",,IpcomTecMTYsoluciones,,6,01_10_2026_31_10_2026.csv
2026-10-01,15,0.37425638333333333335,18,18,,"",,IpcomTokaCorporativo,,18,01_10_2026_31_10_2026.csv
2026-10-01,15,480.0005269166666667,8,0,,"",,PENTAFON_CM_SINGLE,,8,01_10_2026_31_10_2026.csv
2026-10-01,15,1119.5734069833333332,18,0,,"",,Simon&Shuster,,18,01_10_2026_31_10_2026.csv
2026-10-01,15,60.0006477833333333,1,0,,"",,UNITEC_ONLINE_Single,,1,01_10_2026_31_10_2026.csv
2026-10-01,15,60.2949788333333333,1,0,,"",,UVM_UNITEC_Conver,,1,01_10_2026_31_10_2026.csv
2026-10-01,16,360.0000000000000000,0,0,AUTHENTICATION,"",,IpcomGayossoAPI,,6,01_10_2026_31_10_2026.csv
2026-10-01,16,3300.0000000000000000,0,0,MARKETING,"",,IpcomTokaCorporativo,,55,01_10_2026_31_10_2026.csv
2026-10-01,16,60.0000000000000000,0,0,MARKETING,69f23acf21a9e550e824cc8f,,IPCOMApexWOM,,1,01_10_2026_31_10_2026.csv
2026-10-01,16,21302.1354450000000001,0,0,UTILITY,"",,IpcomDaviviendaHNCobros,,347,01_10_2026_31_10_2026.csv
2026-10-01,16,720.0000000000000000,0,0,UTILITY,"",,IpcomGayossoAPI,,12,01_10_2026_31_10_2026.csv
2026-10-01,16,123.0940096166666667,0,0,UTILITY,69f2366521a9e550e824c7d3,,IPCOMApexWOM,,2,01_10_2026_31_10_2026.csv
2026-10-01,16,5779.68753964999999996667,0,4,marketing_lite,"",,IpcomTokaCorporativo,,100,01_10_2026_31_10_2026.csv
2026-10-01,16,120.0000000000000000,0,0,marketing_lite,69f23acf21a9e550e824cc8f,,IPCOMApexWOM,,2,01_10_2026_31_10_2026.csv
2026-10-01,16,60.0000379666666667,1,0,,"",,CORPCOB_SINGLE,,1,01_10_2026_31_10_2026.csv
2026-10-01,16,180.2120821000000000,3,0,,"",,EXITUS_CREDIT_SINGLE,,3,01_10_2026_31_10_2026.csv
2026-10-01,16,994.8138252333333335,16,0,,"",,IPCOMApexWOM,,16,01_10_2026_31_10_2026.csv
2026-10-01,16,723.1569168333333334,12,0,,"",,IPCOMPentafon,,12,01_10_2026_31_10_2026.csv
2026-10-01,16,2055.6110002333333336,22,0,,"",,IPCOMPentafonBC1,,22,01_10_2026_31_10_2026.csv
2026-10-01,16,505.6029210666666667,10,0,,"",,IPCOMPentafonBC2,,10,01_10_2026_31_10_2026.csv
2026-10-01,16,239.1284500833333334,4,0,,"",,IPCOMPentafonBC3,,4,01_10_2026_31_10_2026.csv
2026-10-01,16,666.7174818000000000,8,0,,"",,IPCOMPentafonBC4,,8,01_10_2026_31_10_2026.csv
2026-10-01,16,455.6390085333333333,7,0,,"",,IpcomDaviviendaHNCobros,,7,01_10_2026_31_10_2026.csv
2026-10-01,16,1037.8281198333333332,19,0,,"",,IpcomGMTCirculoDeCreditoAtencion,,19,01_10_2026_31_10_2026.csv
2026-10-01,16,59.9830703166666667,1,0,,"",,IpcomGayossoAPI,,1,01_10_2026_31_10_2026.csv
2026-10-01,16,591.7738096000000000,12,0,,"",,IpcomSondaBrilla,,12,01_10_2026_31_10_2026.csv
2026-10-01,16,90.0899507000000000,9,0,,"",,IpcomTOKAPromociones,,9,01_10_2026_31_10_2026.csv
2026-10-01,16,0.01756538333333333333,1,1,,"",,IpcomTecMTYRegistroSoluciones,,1,01_10_2026_31_10_2026.csv
2026-10-01,16,179.9524765500000000,3,0,,"",,IpcomTecMTYsoluciones,,3,01_10_2026_31_10_2026.csv
2026-10-01,16,0.41365821666666666667,24,24,,"",,IpcomTokaCorporativo,,24,01_10_2026_31_10_2026.csv
2026-10-01,16,240.5188169166666667,4,0,,"",,PENTAFON_CM_SINGLE,,4,01_10_2026_31_10_2026.csv
2026-10-01,16,60.0000694166666667,1,0,,"",,PENTAFON_GOOGLE_CONVERSACIONAL,,1,01_10_2026_31_10_2026.csv
2026-10-01,16,1661.1571823166666665,29,1,,"",,Simon&Shuster,,29,01_10_2026_31_10_2026.csv
2026-10-01,16,60.0000351833333333,1,0,,"",,UNITEC_ONLINE_Single,,1,01_10_2026_31_10_2026.csv
2026-10-01,16,360.0002510333333333,6,0,,"",,UVM_UNITEC_Conver,,6,01_10_2026_31_10_2026.csv
2026-10-01,16,60.0000000000000000,0,0,,"",,Universidad Tecnológica de México_single,,1,01_10_2026_31_10_2026.csv
2026-10-01,17,300.0000000000000000,0,0,AUTHENTICATION,"",,IpcomGayossoAPI,,5,01_10_2026_31_10_2026.csv
2026-10-01,17,2040.0000000000000000,0,0,MARKETING,"",,IpcomTokaCorporativo,,34,01_10_2026_31_10_2026.csv
2026-10-01,17,60.0000000000000000,0,0,MARKETING,69f23acf21a9e550e824cc8f,,IPCOMApexWOM,,1,01_10_2026_31_10_2026.csv
2026-10-01,17,206424.0797128000000003,0,232,UTILITY,"",,IPCOMPentafon,,3627,01_10_2026_31_10_2026.csv
2026-10-01,17,780.0000000000000000,0,0,UTILITY,"",,IpcomGayossoAPI,,13,01_10_2026_31_10_2026.csv
2026-10-01,17,5658.5950877666666666,0,7,marketing_lite,"",,IpcomTokaCorporativo,,100,01_10_2026_31_10_2026.csv
2026-10-01,17,2040.0000000000000000,0,0,,"",,UNITEC_GENERAL_GOOGLE,118,34,01_10_2026_31_10_2026.csv
2026-10-01,17,3600.0000000000000000,0,0,,"",,UNITEC_GENERAL_GOOGLE,134,60,01_10_2026_31_10_2026.csv
2026-10-01,17,2400.0000000000000000,0,0,,"",,Universidad Tecnológica de México_single,175,40,01_10_2026_31_10_2026.csv
2026-10-01,17,17426.4277838166666667,0,0,,"",,Universidad Tecnológica de México_single,188,290,01_10_2026_31_10_2026.csv
2026-10-01,17,120.2878577000000000,2,0,,"",,BanCoppel_Conver_CM,,2,01_10_2026_31_10_2026.csv
2026-10-01,17,120.0000752666666667,2,0,,"",,CORPCOB_SINGLE,,2,01_10_2026_31_10_2026.csv
2026-10-01,17,60.0000400500000000,1,0,,"",,EXITUS_CREDIT_SINGLE,,1,01_10_2026_31_10_2026.csv
2026-10-01,17,61.0836639833333333,1,0,,"",,EXITUS_VENTAS_CNV,,1,01_10_2026_31_10_2026.csv
2026-10-01,17,978.98324833333333350000,14,0,,"",,IPCOMApexWOM,,14,01_10_2026_31_10_2026.csv
2026-10-01,17,59.9975771500000000,1,0,,"",,IPCOMGMTMovistar,,1,01_10_2026_31_10_2026.csv
2026-10-01,17,1322.7407064166666664,22,0,,"",,IPCOMPentafon,,22,01_10_2026_31_10_2026.csv
2026-10-01,17,1238.24215998333333330000,15,0,,"",,IPCOMPentafonBC1,,15,01_10_2026_31_10_2026.csv
2026-10-01,17,1370.5570928000000001,12,0,,"",,IPCOMPentafonBC2,,12,01_10_2026_31_10_2026.csv
2026-10-01,17,315.9960432333333332,5,0,,"",,IPCOMPentafonBC3,,5,01_10_2026_31_10_2026.csv
2026-10-01,17,170.8783115000000000,3,0,,"",,IPCOMPentafonBC4,,3,01_10_2026_31_10_2026.csv
2026-10-01,17,364.6278895500000000,6,0,,"",,IpcomDaviviendaHNCobros,,6,01_10_2026_31_10_2026.csv
2026-10-01,17,920.26038238333333336667,23,0,,"",,IpcomGMTCirculoDeCreditoAtencion,,23,01_10_2026_31_10_2026.csv
2026-10-01,17,360.0687098500000000,6,0,,"",,IpcomGayossoAPI,,6,01_10_2026_31_10_2026.csv
2026-10-01,17,24.5950264833333333,1,0,,"",,IpcomSmartSolutionLaika,,1,01_10_2026_31_10_2026.csv
2026-10-01,17,130.7196085000000000,6,0,,"",,IpcomSondaBrilla,,6,01_10_2026_31_10_2026.csv
2026-10-01,17,20.0105729666666667,2,0,,"",,IpcomTOKAPromociones,,2,01_10_2026_31_10_2026.csv
2026-10-01,17,68.0101140166666667,1,0,,"",,IpcomTecMTYRegistroSoluciones,,1,01_10_2026_31_10_2026.csv
2026-10-01,17,240.45130494999999993334,9,5,,"",,IpcomTecMTYsoluciones,,9,01_10_2026_31_10_2026.csv
2026-10-01,17,0.36744546666666666666,20,20,,"",,IpcomTokaCorporativo,,20,01_10_2026_31_10_2026.csv
2026-10-01,17,600.2885099833333334,10,0,,"",,PENTAFON_CM_SINGLE,,10,01_10_2026_31_10_2026.csv
2026-10-01,17,1346.1365484666666668,22,0,,"",,Simon&Shuster,,22,01_10_2026_31_10_2026.csv
2026-10-01,17,60.0000562666666667,1,0,,"",,UNITEC_CAMPUS_MARINA_Ms,,1,01_10_2026_31_10_2026.csv
2026-10-01,17,122.2417480666666667,2,0,,"",,UNITEC_ONLINE_Single,,2,01_10_2026_31_10_2026.csv
2026-10-01,17,120.0000896166666667,2,0,,"",,UVM_UNITEC_Conver,,2,01_10_2026_31_10_2026.csv
2026-10-01,17,60.0381892000000000,1,0,,"",,Universidad Tecnológica de México_single,,1,01_10_2026_31_10_2026.csv
2026-10-01,17,147.42937210000000003334,7,0,,"",,ipcomGayossoCobranza,,7,01_10_2026_31_10_2026.csv
2026-10-01,17,360.0000000000000000,0,0,,,,UNITEC_BOT,"",6,01_10_2026_31_10_2026.csv
2026-10-01,17,120.0000000000000000,0,0,,,,UNITEC_BOT,109,2,01_10_2026_31_10_2026.csv
2026-10-01,17,1560.0000000000000000,0,0,,,,UNITEC_BOT,118,26,01_10_2026_31_10_2026.csv
2026-10-01,17,3420.0000000000000000,0,0,,,,UNITEC_BOT,134,57,01_10_2026_31_10_2026.csv
2026-10-01,17,60.0000000000000000,0,0,,,,UNITEC_BOT,180,1,01_10_2026_31_10_2026.csv
2026-10-01,17,60.0000000000000000,0,0,,,,UNITEC_BOT,3,1,01_10_2026_31_10_2026.csv
2026-10-01,18,360.0000000000000000,0,0,AUTHENTICATION,"",,IpcomGayossoAPI,,6,01_10_2026_31_10_2026.csv
2026-10-01,18,120.0000000000000000,0,0,MARKETING,"",,IPCOMGMTMovistar,,2,01_10_2026_31_10_2026.csv
2026-10-01,18,1920.0000000000000000,0,0,MARKETING,"",,IpcomTokaCorporativo,,32,01_10_2026_31_10_2026.csv
2026-10-01,18,192487.6944504333333334,0,0,UTILITY,"",,IPCOMPentafonBC4,,3173,01_10_2026_31_10_2026.csv
2026-10-01,18,1380.0000000000000000,0,0,UTILITY,"",,IpcomGayossoAPI,,23,01_10_2026_31_10_2026.csv
2026-10-01,18,909.9419105000000000,0,0,marketing_lite,"",,IPCOMGMTMovistar,,14,01_10_2026_31_10_2026.csv
2026-10-01,18,6448.57153469999999996667,0,5,marketing_lite,"",,IpcomTokaCorporativo,,112,01_10_2026_31_10_2026.csv
2026-10-01,18,14160.0000000000000000,0,0,,"",,UNITEC_GENERAL_GOOGLE,118,236,01_10_2026_31_10_2026.csv
2026-10-01,18,21608.2669636333333333,0,0,,"",,UNITEC_GENERAL_GOOGLE,134,360,01_10_2026_31_10_2026.csv
2026-10-01,18,36293.6261889500000000,0,0,,"",,Universidad Tecnológica de México_single,175,604,01_10_2026_31_10_2026.csv
2026-10-01,18,273184.7866462333333333,0,0,,"",,Universidad Tecnológica de México_single,188,4553,01_10_2026_31_10_2026.csv
2026-10-01,18,60.0000000000000000,0,0,,"",,UNITEC_GENERAL_GOOGLE,199,1,01_10_2026_31_10_2026.csv
2026-10-01,18,60.01379206666666663333,2,1,,"",,EXITUS_VENTAS_CNV,,2,01_10_2026_31_10_2026.csv
2026-10-01,18,712.44099046666666676667,13,0,,"",,IPCOMApexWOM,,13,01_10_2026_31_10_2026.csv
2026-10-01,18,59.9849369333333333,1,0,,"",,IPCOMExitusCredit,,1,01_10_2026_31_10_2026.csv
2026-10-01,18,59.9975637333333333,1,0,,"",,IPCOMGMTMovistar,,1,01_10_2026_31_10_2026.csv
2026-10-01,18,4468.7909520666666664,74,0,,"",,IPCOMPentafon,,74,01_10_2026_31_10_2026.csv
2026-10-01,18,774.52609711666666660000,13,0,,"",,IPCOMPentafonBC1,,13,01_10_2026_31_10_2026.csv
2026-10-01,18,555.0850298833333333,9,0,,"",,IPCOMPentafonBC2,,9,01_10_2026_31_10_2026.csv
2026-10-01,18,199.4284357166666666,3,0,,"",,IPCOMPentafonBC3,,3,01_10_2026_31_10_2026.csv
2026-10-01,18,400.3733249333333334,7,0,,"",,IPCOMPentafonBC4,,7,01_10_2026_31_10_2026.csv
2026-10-01,18,305.8610362833333333,5,0,,"",,IpcomDaviviendaHNCobros,,5,01_10_2026_31_10_2026.csv
2026-10-01,18,1260.8547698499999999,29,0,,"",,IpcomGMTCirculoDeCreditoAtencion,,29,01_10_2026_31_10_2026.csv
2026-10-01,18,491.8882182833333334,8,0,,"",,IpcomGayossoAPI,,8,01_10_2026_31_10_2026.csv
2026-10-01,18,0.00975316666666666667,1,1,,"",,IpcomSmartSolutionLaika,,1,01_10_2026_31_10_2026.csv
2026-10-01,18,85.5422250166666666,4,0,,"",,IpcomSondaBrilla,,4,01_10_2026_31_10_2026.csv
2026-10-01,18,50.0532470166666667,5,0,,"",,IpcomTOKAPromociones,,5,01_10_2026_31_10_2026.csv
2026-10-01,18,122.78455808333333333333,4,2,,"",,IpcomTecMTYsoluciones,,4,01_10_2026_31_10_2026.csv
2026-10-01,18,0.29225403333333333333,16,16,,"",,IpcomTokaCorporativo,,16,01_10_2026_31_10_2026.csv
2026-10-01,18,60.0000478666666667,1,0,,"",,PENTAFON_CM_SINGLE,,1,01_10_2026_31_10_2026.csv
2026-10-01,18,1287.3399260333333333,22,0,,"",,Simon&Shuster,,22,01_10_2026_31_10_2026.csv
2026-10-01,18,120.0000910333333334,2,0,,"",,UNITEC_ONLINE_Single,,2,01_10_2026_31_10_2026.csv
2026-10-01,18,240.0001480000000000,4,0,,"",,UVM_UNITEC_Conver,,4,01_10_2026_31_10_2026.csv
2026-10-01,18,60.0830632000000000,1,1,,"",,ipcomGayossoCobranza,,1,01_10_2026_31_10_2026.csv
2026-10-01,18,7500.0000000000000000,0,0,,,,UNITEC_BOT,"",125,01_10_2026_31_10_2026.csv
2026-10-01,18,360.0000000000000000,0,0,,,,UNITEC_BOT,109,6,01_10_2026_31_10_2026.csv
2026-10-01,18,22500.0000000000000000,0,0,,,,UNITEC_BOT,118,375,01_10_2026_31_10_2026.csv
2026-10-01,18,60.0000000000000000,0,0,,,,UNITEC_BOT,130,1,01_10_2026_31_10_2026.csv
2026-10-01,18,180.0000000000000000,0,0,,,,UNITEC_BOT,133,3,01_10_2026_31_10_2026.csv
2026-10-01,18,32940.0000000000000000,0,0,,,,UNITEC_BOT,134,549,01_10_2026_31_10_2026.csv
2026-10-01,18,60.0000000000000000,0,0,,,,UNITEC_BOT,150,1,01_10_2026_31_10_2026.csv
2026-10-01,18,60.0000000000000000,0,0,,,,UNITEC_BOT,160,1,01_10_2026_31_10_2026.csv
2026-10-01,18,540.0000000000000000,0,0,,,,UNITEC_BOT,180,9,01_10_2026_31_10_2026.csv
2026-10-01,18,240.0000000000000000,0,0,,,,UNITEC_BOT,199,4,01_10_2026_31_10_2026.csv
2026-10-01,18,120.0000000000000000,0,0,,,,UNITEC_BOT,3,2,01_10_2026_31_10_2026.csv
2026-10-01,19,420.0000000000000000,0,0,AUTHENTICATION,"",,IpcomGayossoAPI,,7,01_10_2026_31_10_2026.csv
2026-10-01,19,60.0000000000000000,0,0,MARKETING,"",,IPCOMExitusCredit,,1,01_10_2026_31_10_2026.csv
2026-10-01,19,2040.21503705000000000000,0,1,MARKETING,"",,IpcomTokaCorporativo,,35,01_10_2026_31_10_2026.csv
2026-10-01,19,233036.0973239166666660,0,0,UTILITY,"",,IPCOMPentafonBC1,,3911,01_10_2026_31_10_2026.csv
2026-10-01,19,1500.0000000000000000,0,0,UTILITY,"",,IpcomGayossoAPI,,25,01_10_2026_31_10_2026.csv
2026-10-01,19,120.0000000000000000,0,0,marketing_lite,"",,IPCOMExitusCredit,,2,01_10_2026_31_10_2026.csv
2026-10-01,19,6867.4444290333333331,0,12,marketing_lite,"",,IpcomTokaCorporativo,,123,01_10_2026_31_10_2026.csv
2026-10-01,19,1.3458529000000000,0,0,marketing_lite,689210c2fcd6196c6a1d0bf4,,DaviviendaHondurasFraudes,,1,01_10_2026_31_10_2026.csv
2026-10-01,19,120.0000694666666667,2,0,,"",,BanCoppel_Conver_CM,,2,01_10_2026_31_10_2026.csv
2026-10-01,19,120.0000757000000000,2,0,,"",,CORPCOB_SINGLE,,2,01_10_2026_31_10_2026.csv
2026-10-01,19,20.0116361333333333,2,0,,"",,Callzila_web,,2,01_10_2026_31_10_2026.csv
2026-10-01,19,120.0000776333333333,2,0,,"",,EXITUS_CREDIT_SINGLE,,2,01_10_2026_31_10_2026.csv
2026-10-01,19,60.0000636666666667,1,0,,"",,EXITUS_VENTAS_CNV,,1,01_10_2026_31_10_2026.csv
2026-10-01,19,380.7033719000000000,6,0,,"",,IPCOMApexWOM,,6,01_10_2026_31_10_2026.csv
2026-10-01,19,95.2479035166666667,2,0,,"",,IPCOMGMTMovistar,,2,01_10_2026_31_10_2026.csv
2026-10-01,19,2884.1046073333333335,48,0,,"",,IPCOMPentafon,,48,01_10_2026_31_10_2026.csv
2026-10-01,19,389.7942180999999999,8,0,,"",,IPCOMPentafonBC1,,8,01_10_2026_31_10_2026.csv
2026-10-01,19,506.9871418166666668,10,0,,"",,IPCOMPentafonBC2,,10,01_10_2026_31_10_2026.csv
2026-10-01,19,166.9466557500000000,2,0,,"",,IPCOMPentafonBC3,,2,01_10_2026_31_10_2026.csv
2026-10-01,19,924.7629444999999999,16,0,,"",,IPCOMPentafonBC4,,16,01_10_2026_31_10_2026.csv
2026-10-01,19,360.9593414833333334,6,0,,"",,IpcomDaviviendaHNCobros,,6,01_10_2026_31_10_2026.csv
2026-10-01,19,1613.95015511666666710000,37,0,,"",,IpcomGMTCirculoDeCreditoAtencion,,37,01_10_2026_31_10_2026.csv
2026-10-01,19,421.3804323999999999,7,0,,"",,IpcomGayossoAPI,,7,01_10_2026_31_10_2026.csv
2026-10-01,19,152.6551432666666668,8,0,,"",,IpcomSondaBrilla,,8,01_10_2026_31_10_2026.csv
2026-10-01,19,30.0175751833333333,3,0,,"",,IpcomTOKAPromociones,,3,01_10_2026_31_10_2026.csv
2026-10-01,19,59.9975910833333333,1,0,,"",,IpcomTecMTYRegistroSoluciones,,1,01_10_2026_31_10_2026.csv
2026-10-01,19,119.9679318666666666,2,0,,"",,IpcomTecMTYsoluciones,,2,01_10_2026_31_10_2026.csv
2026-10-01,19,0.59192986666666666667,15,15,,"",,IpcomTokaCorporativo,,15,01_10_2026_31_10_2026.csv
2026-10-01,19,300.4013502833333335,5,0,,"",,PENTAFON_CM_SINGLE,,5,01_10_2026_31_10_2026.csv
2026-10-01,19,1375.29826471666666660000,25,1,,"",,Simon&Shuster,,25,01_10_2026_31_10_2026.csv
2026-10-01,19,60.4492108833333333,1,0,,"",,UNITEC_ONLINE_Single,,1,01_10_2026_31_10_2026.csv
2026-10-01,19,240.0001894000000000,4,0,,"",,UVM_UNITEC_Conver,,4,01_10_2026_31_10_2026.csv
2026-10-01,19,0.46180110000000000000,2,0,,"",,fastbot-simulator,,2,01_10_2026_31_10_2026.csv
2026-10-01,19,120.59898268333333333333,4,1,,"",,ipcomGayossoCobranza,,4,01_10_2026_31_10_2026.csv
2026-10-01,20,2700.0000000000000000,0,0,MARKETING,"",,IpcomTokaCorporativo,,45,01_10_2026_31_10_2026.csv
2026-10-01,20,239721.4352428833333327,0,0,UTILITY,"",,IPCOMPentafonBC1,,3911,01_10_2026_31_10_2026.csv
2026-10-01,20,302553.5041623833333332,0,0,UTILITY,"",,IPCOMPentafonBC2,,5088,01_10_2026_31_10_2026.csv
2026-10-01,20,60.0000000000000000,0,0,UTILITY,"",,IPCOMTMKGLOBAL,,1,01_10_2026_31_10_2026.csv
2026-10-01,20,1680.0000000000000000,0,0,UTILITY,"",,IpcomGayossoAPI,,28,01_10_2026_31_10_2026.csv
2026-10-01,20,5928.1564372333333334,0,6,marketing_lite,"",,IpcomTokaCorporativo,,104,01_10_2026_31_10_2026.csv
2026-10-01,20,3900.0000000000000000,0,0,,"",,UNITEC_CAMPUS_ONLINE_GOOGLE,118,65,01_10_2026_31_10_2026.csv
2026-10-01,20,11460.0000000000000000,0,0,,"",,UNITEC_CAMPUS_ONLINE_GOOGLE,134,191,01_10_2026_31_10_2026.csv
2026-10-01,20,10920.0000000000000000,0,0,,"",,UNITEC_ONLINE_Single,175,182,01_10_2026_31_10_2026.csv
2026-10-01,20,68711.6911800000000000,0,0,,"",,UNITEC_ONLINE_Single,188,1145,01_10_2026_31_10_2026.csv
2026-10-01,20,240.0438740999999999,4,0,,"",,EXITUS_CREDIT_SINGLE,,4,01_10_2026_31_10_2026.csv
2026-10-01,20,352.14367443333333333333,10,0,,"",,IPCOMApexWOM,,10,01_10_2026_31_10_2026.csv
2026-10-01,20,59.9977478500000000,1,0,,"",,IPCOMExitusCredit,,1,01_10_2026_31_10_2026.csv
2026-10-01,20,189.1402266999999999,5,0,,"",,IPCOMGMTMovistar,,5,01_10_2026_31_10_2026.csv
2026-10-01,20,2482.6321232333333331,41,0,,"",,IPCOMPentafon,,41,01_10_2026_31_10_2026.csv
2026-10-01,20,2161.7644549500000003,37,0,,"",,IPCOMPentafonBC1,,37,01_10_2026_31_10_2026.csv
2026-10-01,20,3220.7710007333333330,57,0,,"",,IPCOMPentafonBC2,,57,01_10_2026_31_10_2026.csv
2026-10-01,20,0.56836085000000000000,1,0,,"",,IPCOMPentafonBC3,,1,01_10_2026_31_10_2026.csv
2026-10-01,20,678.47748573333333343334,24,0,,"",,IPCOMPentafonBC4,,24,01_10_2026_31_10_2026.csv
2026-10-01,20,453.2829841833333334,7,0,,"",,IpcomDaviviendaHNCobros,,7,01_10_2026_31_10_2026.csv
2026-10-01,20,1591.20156541666666626667,39,1,,"",,IpcomGMTCirculoDeCreditoAtencion,,39,01_10_2026_31_10_2026.csv
2026-10-01,20,186.6258170500000000,3,0,,"",,IpcomGayossoAPI,,3,01_10_2026_31_10_2026.csv
2026-10-01,20,195.2300183500000001,7,0,,"",,IpcomSondaBrilla,,7,01_10_2026_31_10_2026.csv
2026-10-01,20,50.5435333333333333,5,0,,"",,IpcomTOKAPromociones,,5,01_10_2026_31_10_2026.csv
2026-10-01,20,60.2318113666666667,1,0,,"",,IpcomTecMTYRegistroSoluciones,,1,01_10_2026_31_10_2026.csv
2026-10-01,20,119.97805003333333333333,3,1,,"",,IpcomTecMTYsoluciones,,3,01_10_2026_31_10_2026.csv
2026-10-01,20,0.36640436666666666666,17,17,,"",,IpcomTokaCorporativo,,17,01_10_2026_31_10_2026.csv
2026-10-01,20,397.1881481000000001,6,0,,"",,PENTAFON_CM_SINGLE,,6,01_10_2026_31_10_2026.csv
2026-10-01,20,492.6787039666666667,8,0,,"",,Simon&Shuster,,8,01_10_2026_31_10_2026.csv
2026-10-01,20,60.0000381333333333,1,0,,"",,UNITEC_ONLINE_Single,,1,01_10_2026_31_10_2026.csv
2026-10-01,20,420.5742269666666666,7,0,,"",,UVM_UNITEC_Conver,,7,01_10_2026_31_10_2026.csv
2026-10-01,20,60.0000344666666667,1,0,,"",,Universidad Tecnológica de México_single,,1,01_10_2026_31_10_2026.csv
2026-10-01,20,0.10750765000000000000,1,0,,"",,ipcomGayossoCobranza,,1,01_10_2026_31_10_2026.csv
2026-10-01,20,2820.0000000000000000,0,0,,,,RCS_UNITEC_CAMPUS_ONLINE,"",47,01_10_2026_31_10_2026.csv
2026-10-01,20,60.0000000000000000,0,0,,,,RCS_UNITEC_CAMPUS_ONLINE,102,1,01_10_2026_31_10_2026.csv
2026-10-01,20,120.0000000000000000,0,0,,,,RCS_UNITEC_CAMPUS_ONLINE,109,2,01_10_2026_31_10_2026.csv
2026-10-01,20,4380.0000000000000000,0,0,,,,RCS_UNITEC_CAMPUS_ONLINE,118,73,01_10_2026_31_10_2026.csv
2026-10-01,20,60.0000000000000000,0,0,,,,RCS_UNITEC_CAMPUS_ONLINE,125,1,01_10_2026_31_10_2026.csv
2026-10-01,20,9540.0000000000000000,0,0,,,,RCS_UNITEC_CAMPUS_ONLINE,134,159,01_10_2026_31_10_2026.csv
2026-10-01,20,420.0000000000000000,0,0,,,,RCS_UNITEC_CAMPUS_ONLINE,180,7,01_10_2026_31_10_2026.csv
2026-10-01,20,180.0000000000000000,0,0,,,,RCS_UNITEC_CAMPUS_ONLINE,3,3,01_10_2026_31_10_2026.csv
2026-10-01,20,60.0000000000000000,0,0,,,,RCS_UNITEC_CAMPUS_ONLINE,312,1,01_10_2026_31_10_2026.csv
2026-10-01,20,60.0000000000000000,0,0,,,,RCS_UNITEC_CAMPUS_ONLINE,34,1,01_10_2026_31_10_2026.csv
2026-10-01,21,180.0000000000000000,0,0,AUTHENTICATION,"",,IpcomGayossoAPI,,3,01_10_2026_31_10_2026.csv
2026-10-01,21,1800.0000000000000000,0,0,MARKETING,"",,IpcomTokaCorporativo,,30,01_10_2026_31_10_2026.csv
2026-10-01,21,310696.1914931833333336,0,0,UTILITY,"",,IPCOMPentafonBC2,,5088,01_10_2026_31_10_2026.csv
2026-10-01,21,81447.9577912833333334,0,0,UTILITY,"",,IPCOMPentafonBC3,,1333,01_10_2026_31_10_2026.csv
2026-10-01,21,306408.3831369333333331,0,0,UTILITY,"",,IPCOMPentafonBC4,,5019,01_10_2026_31_10_2026.csv
2026-10-01,21,1260.0000000000000000,0,0,UTILITY,"",,IpcomGayossoAPI,,21,01_10_2026_31_10_2026.csv
2026-10-01,21,5012.9503837000000000,0,2,marketing_lite,"",,IpcomTokaCorporativo,,85,01_10_2026_31_10_2026.csv
2026-10-01,21,3.7364713333333333,1,0,,"",CO.1288107023135713,IPCOMEmdecobPH,,1,01_10_2026_31_10_2026.csv
2026-10-01,21,54.2663424666666667,1,0,,"",CO.1417841406988838,IPCOMEmdecobCREDIORBE,,1,01_10_2026_31_10_2026.csv
2026-10-01,21,7.9996035500000000,1,0,,"",CO.1417841406988838,IPCOMEmdecobCREDIORBECastigo,,1,01_10_2026_31_10_2026.csv
2026-10-01,21,20.2282841500000000,1,0,,"",CO.1438382604897935,IPCOMEmdecobPortafolioFNA,,1,01_10_2026_31_10_2026.csv
2026-10-01,21,46.0543671833333333,2,0,,"",CO.1678936960557825,IPCOMEmdecobCREDIORBECastigo,,2,01_10_2026_31_10_2026.csv
2026-10-01,21,3.3248376500000000,1,0,,"",CO.1751383922814580,IPCOMEmdecobPH,,1,01_10_2026_31_10_2026.csv
2026-10-01,21,20.0879470666666667,1,0,,"",CO.1793204421989026,IPCOMEmdecobPortafolioFNA,,1,01_10_2026_31_10_2026.csv
2026-10-01,21,53.7141610500000000,1,0,,"",CO.1927059124612136,IPCOMEmdecobCREDIORBE,,1,01_10_2026_31_10_2026.csv
2026-10-01,21,60.2994242166666667,1,0,,"",CO.1927059124612136,IPCOMEmdecobCREDIORBECastigo,,1,01_10_2026_31_10_2026.csv
2026-10-01,21,49.4598862833333333,1,0,,"",CO.2227951967751780,IPCOMEmdecobCREDIORBECastigo,,1,01_10_2026_31_10_2026.csv
2026-10-01,21,15300.0000000000000000,0,0,,"",,CORPCOB_SINGLE,118,255,01_10_2026_31_10_2026.csv
2026-10-01,21,50788.6398526166666667,0,0,,"",,PENTAFON_CM_SINGLE,118,845,01_10_2026_31_10_2026.csv
2026-10-01,21,480.0000000000000000,0,0,,"",,UNITEC_CAMPUS_LOS_REYES_GOOGLE,118,8,01_10_2026_31_10_2026.csv
2026-10-01,21,19750.5176102833333334,0,0,,"",,CORPCOB_SINGLE,134,329,01_10_2026_31_10_2026.csv
2026-10-01,21,17769.2789200833333334,0,0,,"",,PENTAFON_GOOGLE_CONVERSACIONAL,134,290,01_10_2026_31_10_2026.csv
2026-10-01,21,780.0000000000000000,0,0,,"",,UNITEC_CAMPUS_LOS_REYES_GOOGLE,134,13,01_10_2026_31_10_2026.csv
2026-10-01,21,5712.5406422333333334,0,0,,"",,CORPCOB_SINGLE,175,95,01_10_2026_31_10_2026.csv
2026-10-01,21,24481.6656303500000000,0,0,,"",,PENTAFON_CM_SINGLE,175,407,01_10_2026_31_10_2026.csv
2026-10-01,21,540.0000000000000000,0,0,,"",,UNITEC_CAMPUS_LOS_REYES_Single,175,9,01_10_2026_31_10_2026.csv
2026-10-01,21,65405.6573671000000000,0,0,,"",,CORPCOB_SINGLE,188,1089,01_10_2026_31_10_2026.csv
2026-10-01,21,270401.1882440833333333,0,0,,"",,PENTAFON_CM_SINGLE,188,4501,01_10_2026_31_10_2026.csv
2026-10-01,21,4309.7583844666666667,0,0,,"",,UNITEC_CAMPUS_LOS_REYES_Single,188,71,01_10_2026_31_10_2026.csv
2026-10-01,21,60.0000398666666667,1,0,,"",,BanCoppel_Conver_CM,,1,01_10_2026_31_10_2026.csv
2026-10-01,21,7.1316927500000000,1,0,,"",,DaviviendaHondurasFraudes,,1,01_10_2026_31_10_2026.csv
2026-10-01,21,120.0000765333333333,2,0,,"",,EXITUS_CREDIT_SINGLE,,2,01_10_2026_31_10_2026.csv
2026-10-01,21,60.1512357833333333,1,0,,"",,EXITUS_VENTAS_CNV,,1,01_10_2026_31_10_2026.csv
2026-10-01,21,301.0673817833333333,7,0,,"",,IPCOMApexWOM,,7,01_10_2026_31_10_2026.csv
2026-10-01,21,16.8621185166666667,1,0,,"",,IPCOMGMTMovistar,,1,01_10_2026_31_10_2026.csv
2026-10-01,21,1677.0484411999999999,27,0,,"",,IPCOMPentafon,,27,01_10_2026_31_10_2026.csv
2026-10-01,21,5153.4429286666666665,87,0,,"",,IPCOMPentafonBC1,,87,01_10_2026_31_10_2026.csv
2026-10-01,21,5978.41080726666666663333,102,0,,"",,IPCOMPentafonBC2,,102,01_10_2026_31_10_2026.csv
2026-10-01,21,59.9976674666666667,1,0,,"",,IPCOMPentafonBC3,,1,01_10_2026_31_10_2026.csv
2026-10-01,21,626.6182131666666668,9,0,,"",,IPCOMPentafonBC4,,9,01_10_2026_31_10_2026.csv
2026-10-01,21,59.9975739666666667,1,0,,"",,IPCOMRapiCredit2,,1,01_10_2026_31_10_2026.csv
2026-10-01,21,74.4700417500000000,1,0,,"",,IpcomDaviviendaHNCobros,,1,01_10_2026_31_10_2026.csv
2026-10-01,21,1689.09963061666666653333,36,0,,"",,IpcomGMTCirculoDeCreditoAtencion,,36,01_10_2026_31_10_2026.csv
2026-10-01,21,207.2043279666666667,3,0,,"",,IpcomGayossoAPI,,3,01_10_2026_31_10_2026.csv
2026-10-01,21,145.4333095000000000,6,0,,"",,IpcomSondaBrilla,,6,01_10_2026_31_10_2026.csv
2026-10-01,21,50.0528375333333334,5,0,,"",,IpcomTOKAPromociones,,5,01_10_2026_31_10_2026.csv
2026-10-01,21,123.7897920833333333,1,0,,"",,IpcomTecMTYRegistroSoluciones,,1,01_10_2026_31_10_2026.csv
2026-10-01,21,239.88254913333333333333,7,3,,"",,IpcomTecMTYsoluciones,,7,01_10_2026_31_10_2026.csv
2026-10-01,21,0.27335970000000000001,16,16,,"",,IpcomTokaCorporativo,,16,01_10_2026_31_10_2026.csv
2026-10-01,21,60.0000919833333333,1,0,,"",,Mueblerias Valdez Baluarte Cnv,,1,01_10_2026_31_10_2026.csv
2026-10-01,21,120.0000752333333333,2,0,,"",,PENTAFON_CM_SINGLE,,2,01_10_2026_31_10_2026.csv
2026-10-01,21,746.38390496666666680000,14,0,,"",,Simon&Shuster,,14,01_10_2026_31_10_2026.csv
2026-10-01,21,240.9700019833333333,4,0,,"",,UVM_UNITEC_Conver,,4,01_10_2026_31_10_2026.csv
2026-10-01,21,60.0003359500000000,1,0,,"",,UVM_UNITEC_single,,1,01_10_2026_31_10_2026.csv
2026-10-01,21,61.9831045000000000,1,0,,"",,Universidad Tecnológica de México_single,,1,01_10_2026_31_10_2026.csv
2026-10-01,21,119.9811749333333333,2,0,,"",,ipcomGayossoCobranza,,2,01_10_2026_31_10_2026.csv
2026-10-01,21,60.0000000000000000,0,0,,,,PENTAFON,1,1,01_10_2026_31_10_2026.csv
2026-10-01,21,360.0000000000000000,0,0,,,,CORPCOB,109,6,01_10_2026_31_10_2026.csv
2026-10-01,21,300.0000000000000000,0,0,,,,PENTAFON,109,5,01_10_2026_31_10_2026.csv
2026-10-01,21,180.0000000000000000,0,0,,,,PENTAFON,118,3,01_10_2026_31_10_2026.csv
2026-10-01,21,480.0000000000000000,0,0,,,,RCS_UNITEC_CAMPUS_LOS_REYES,118,8,01_10_2026_31_10_2026.csv
2026-10-01,21,60.0000000000000000,0,0,,,,CORPCOB,125,1,01_10_2026_31_10_2026.csv
2026-10-01,21,60.0000000000000000,0,0,,,,RCS_UNITEC_CAMPUS_LOS_REYES,133,1,01_10_2026_31_10_2026.csv
2026-10-01,21,41400.0000000000000000,0,0,,,,PENTAFON,134,690,01_10_2026_31_10_2026.csv
2026-10-01,21,1200.0000000000000000,0,0,,,,RCS_UNITEC_CAMPUS_LOS_REYES,134,20,01_10_2026_31_10_2026.csv
2026-10-01,21,60.0000000000000000,0,0,,,,CORPCOB,150,1,01_10_2026_31_10_2026.csv
2026-10-01,21,120.0000000000000000,0,0,,,,RCS_UNITEC_CAMPUS_LOS_REYES,160,2,01_10_2026_31_10_2026.csv
2026-10-01,21,60.0000000000000000,0,0,,,,CORPCOB,177,1,01_10_2026_31_10_2026.csv
2026-10-01,21,420.0000000000000000,0,0,,,,CORPCOB,180,7,01_10_2026_31_10_2026.csv
2026-10-01,21,900.0000000000000000,0,0,,,,PENTAFON,180,15,01_10_2026_31_10_2026.csv
2026-10-01,21,60.0000000000000000,0,0,,,,RCS_UNITEC_CAMPUS_LOS_REYES,180,1,01_10_2026_31_10_2026.csv
2026-10-01,21,480.0000000000000000,0,0,,,,PENTAFON,188,8,01_10_2026_31_10_2026.csv
2026-10-01,21,360.0000000000000000,0,0,,,,CORPCOB,3,6,01_10_2026_31_10_2026.csv
2026-10-01,21,240.0000000000000000,0,0,,,,PENTAFON,3,4,01_10_2026_31_10_2026.csv
2026-10-01,21,780.0000000000000000,0,0,,,,PENTAFON,305,13,01_10_2026_31_10_2026.csv
2026-10-01,22,300.0000000000000000,0,0,AUTHENTICATION,"",,IpcomGayossoAPI,,5,01_10_2026_31_10_2026.csv
2026-10-01,22,900.0000000000000000,0,0,MARKETING,"",,IpcomTokaCorporativo,,15,01_10_2026_31_10_2026.csv
2026-10-01,22,238240.8567339333333328,0,0,UTILITY,"",,IPCOMPentafonBC1,,3911,01_10_2026_31_10_2026.csv
2026-10-01,22,915310.3791590500000002,0,0,UTILITY,"",,IPCOMPentafonBC2,,15089,01_10_2026_31_10_2026.csv
2026-10-01,22,1380.0000000000000000,0,0,UTILITY,"",,IpcomGayossoAPI,,23,01_10_2026_31_10_2026.csv
2026-10-01,22,180.0000000000000000,0,0,marketing_lite,"",,IpcomTecMTYsoluciones,,3,01_10_2026_31_10_2026.csv
2026-10-01,22,5736.9214729000000000,0,9,marketing_lite,"",,IpcomTokaCorporativo,,103,01_10_2026_31_10_2026.csv
2026-10-01,22,0.01386966666666666667,1,1,,"",MX.1378493950685107,IpcomTecMTYWhatsApp,,1,01_10_2026_31_10_2026.csv
2026-10-01,22,62949.0720761833333331,0,0,,"",,EXITUS_CREDIT_SINGLE,118,1047,01_10_2026_31_10_2026.csv
2026-10-01,22,24987.0085613999999999,0,0,,"",,EXITUS_VENTAS_CNV,118,416,01_10_2026_31_10_2026.csv
2026-10-01,22,51780.9121380166666667,0,0,,"",,PENTAFON_CM_SINGLE,118,863,01_10_2026_31_10_2026.csv
2026-10-01,22,94569.1583505833333331,0,2,,"",,EXITUS_CREDIT_SINGLE,134,1568,01_10_2026_31_10_2026.csv
2026-10-01,22,40483.7977122333333333,0,2,,"",,EXITUS_VENTAS_CNV,134,676,01_10_2026_31_10_2026.csv
2026-10-01,22,18640.0063695500000000,0,0,,"",,PENTAFON_GOOGLE_CONVERSACIONAL,134,309,01_10_2026_31_10_2026.csv
2026-10-01,22,40139.2179682166666668,0,0,,"",,EXITUS_CREDIT_SINGLE,175,668,01_10_2026_31_10_2026.csv
2026-10-01,22,22020.0000000000000000,0,0,,"",,EXITUS_VENTAS_CNV,175,367,01_10_2026_31_10_2026.csv
2026-10-01,22,24362.3436248000000000,0,0,,"",,PENTAFON_CM_SINGLE,175,406,01_10_2026_31_10_2026.csv
2026-10-01,22,543602.5524338500000006,0,2,,"",,EXITUS_CREDIT_SINGLE,188,9021,01_10_2026_31_10_2026.csv
2026-10-01,22,237969.4848240833333333,0,4,,"",,EXITUS_VENTAS_CNV,188,3962,01_10_2026_31_10_2026.csv
2026-10-01,22,270116.4463968333333332,0,0,,"",,PENTAFON_CM_SINGLE,188,4496,01_10_2026_31_10_2026.csv
2026-10-01,22,60.0000000000000000,0,0,,"",,Exitus_Credit_GOOGLE,199,1,01_10_2026_31_10_2026.csv
2026-10-01,22,61.1680555833333333,1,0,,"",,BanCoppel_Conver_CM,,1,01_10_2026_31_10_2026.csv
2026-10-01,22,180.0001620833333334,3,0,,"",,CORPCOB_SINGLE,,3,01_10_2026_31_10_2026.csv
2026-10-01,22,181.14220005000000003333,3,1,,"",,EXITUS_CREDIT_SINGLE,,4,01_10_2026_31_10_2026.csv
2026-10-01,22,120.01017079999999996667,2,1,,"",,EXITUS_VENTAS_CNV,,3,01_10_2026_31_10_2026.csv
2026-10-01,22,485.8852548500000002,10,0,,"",,IPCOMApexWOM,,10,01_10_2026_31_10_2026.csv
2026-10-01,22,120.07836708333333333333,7,5,,"",,IPCOMGMTMovistar,,7,01_10_2026_31_10_2026.csv
2026-10-01,22,903.4838410500000000,15,0,,"",,IPCOMPentafon,,15,01_10_2026_31_10_2026.csv
2026-10-01,22,4766.2324074499999999,80,0,,"",,IPCOMPentafonBC1,,80,01_10_2026_31_10_2026.csv
2026-10-01,22,7850.98715664999999970000,134,0,,"",,IPCOMPentafonBC2,,134,01_10_2026_31_10_2026.csv
2026-10-01,22,431.1837604333333332,11,0,,"",,IPCOMPentafonBC3,,11,01_10_2026_31_10_2026.csv
2026-10-01,22,1393.1160927166666667,20,0,,"",,IPCOMPentafonBC4,,20,01_10_2026_31_10_2026.csv
2026-10-01,22,240.3710202666666668,4,0,,"",,IpcomDaviviendaHNCobros,,4,01_10_2026_31_10_2026.csv
2026-10-01,22,1475.0176653666666666,28,0,,"",,IpcomGMTCirculoDeCreditoAtencion,,28,01_10_2026_31_10_2026.csv
2026-10-01,22,365.4895696833333333,6,0,,"",,IpcomGayossoAPI,,6,01_10_2026_31_10_2026.csv
2026-10-01,22,59.9974581000000000,1,0,,"",,IpcomPreventa360Z,,1,01_10_2026_31_10_2026.csv
2026-10-01,22,70.4975574999999999,4,0,,"",,IpcomSondaBrilla,,4,01_10_2026_31_10_2026.csv
2026-10-01,22,43.7133712333333333,4,0,,"",,IpcomTOKAPromociones,,4,01_10_2026_31_10_2026.csv
2026-10-01,22,123.1938844500000000,1,0,,"",,IpcomTecMTYRegistroSoluciones,,1,01_10_2026_31_10_2026.csv
2026-10-01,22,60.28283843333333336667,5,4,,"",,IpcomTecMTYsoluciones,,5,01_10_2026_31_10_2026.csv
2026-10-01,22,0.21420646666666666667,11,11,,"",,IpcomTokaCorporativo,,11,01_10_2026_31_10_2026.csv
2026-10-01,22,360.0011287833333333,6,0,,"",,PENTAFON_CM_SINGLE,,6,01_10_2026_31_10_2026.csv
2026-10-01,22,120.0001030500000000,2,0,,"",,PENTAFON_GOOGLE_CONVERSACIONAL,,2,01_10_2026_31_10_2026.csv
2026-10-01,22,1206.4795673666666666,21,0,,"",,Simon&Shuster,,21,01_10_2026_31_10_2026.csv
2026-10-01,22,60.0000674166666667,1,0,,"",,UNITEC_CAMPUS_LOS_REYES_Cnv,,1,01_10_2026_31_10_2026.csv
2026-10-01,22,169.5050464333333333,2,0,,"",,UNITEC_CAMPUS_ONLINE_GOOGLE,,2,01_10_2026_31_10_2026.csv
2026-10-01,22,127.1446947166666667,1,0,,"",,UNITEC_GENERAL_GOOGLE,,1,01_10_2026_31_10_2026.csv
2026-10-01,22,60.0000695666666667,1,0,,"",,UNITEC_ONLINE_Single,,1,01_10_2026_31_10_2026.csv
2026-10-01,22,120.0001186833333333,2,0,,"",,UVM_UNITEC_Conver,,2,01_10_2026_31_10_2026.csv
2026-10-01,22,60.0000387000000000,1,0,,"",,UVM_UNITEC_single,,1,01_10_2026_31_10_2026.csv
2026-10-01,22,13.11780179999999996667,2,0,,"",,ipcomGayossoCobranza,,2,01_10_2026_31_10_2026.csv
2026-10-01,22,480.0000000000000000,0,0,,,,EXITUS_CREDIT,"",8,01_10_2026_31_10_2026.csv
2026-10-01,22,60.0000000000000000,0,0,,,,PENTAFON,101,1,01_10_2026_31_10_2026.csv
2026-10-01,22,2700.0000000000000000,0,0,,,,EXITUS_CREDIT,109,45,01_10_2026_31_10_2026.csv
2026-10-01,22,120.0000000000000000,0,0,,,,PENTAFON,109,2,01_10_2026_31_10_2026.csv
2026-10-01,22,120.0000000000000000,0,0,,,,EXITUS_CREDIT,118,2,01_10_2026_31_10_2026.csv
2026-10-01,22,60.0000000000000000,0,0,,,,EXITUS_CREDIT,125,1,01_10_2026_31_10_2026.csv
2026-10-01,22,120.0000000000000000,0,0,,,,EXITUS_CREDIT,133,2,01_10_2026_31_10_2026.csv
2026-10-01,22,60.0000000000000000,0,0,,,,PENTAFON,133,1,01_10_2026_31_10_2026.csv
2026-10-01,22,39480.0000000000000000,0,0,,,,PENTAFON,134,658,01_10_2026_31_10_2026.csv
2026-10-01,22,60.0000000000000000,0,0,,,,EXITUS_CREDIT,175,1,01_10_2026_31_10_2026.csv
2026-10-01,22,8400.0000000000000000,0,0,,,,EXITUS_CREDIT,180,140,01_10_2026_31_10_2026.csv
2026-10-01,22,780.0000000000000000,0,0,,,,PENTAFON,180,13,01_10_2026_31_10_2026.csv
2026-10-01,22,60.0000000000000000,0,0,,,,EXITUS_CREDIT,189,1,01_10_2026_31_10_2026.csv
2026-10-01,22,240.0000000000000000,0,0,,,,EXITUS_CREDIT,199,4,01_10_2026_31_10_2026.csv
2026-10-01,22,300.0000000000000000,0,0,,,,EXITUS_CREDIT,3,5,01_10_2026_31_10_2026.csv
2026-10-01,22,480.0000000000000000,0,0,,,,PENTAFON,3,8,01_10_2026_31_10_2026.csv
2026-10-01,22,60.0000000000000000,0,0,,,,EXITUS_CREDIT,305,1,01_10_2026_31_10_2026.csv
2026-10-01,22,900.0000000000000000,0,0,,,,PENTAFON,305,15,01_10_2026_31_10_2026.csv
2026-10-01,22,60.0000000000000000,0,0,,,,PENTAFON,312,1,01_10_2026_31_10_2026.csv
2026-10-01,23,120.0000000000000000,0,0,AUTHENTICATION,"",,IpcomGayossoAPI,,2,01_10_2026_31_10_2026.csv
2026-10-01,23,3300.0000000000000000,0,0,MARKETING,"",,IpcomTecMTYsoluciones,,55,01_10_2026_31_10_2026.csv
2026-10-01,23,2820.0000000000000000,0,0,MARKETING,"",,IpcomTokaCorporativo,,47,01_10_2026_31_10_2026.csv
2026-10-01,23,239604.2058628666666668,0,0,UTILITY,"",,IPCOMPentafonBC1,,3910,01_10_2026_31_10_2026.csv
2026-10-01,23,311035.2846968499999994,0,0,UTILITY,"",,IPCOMPentafonBC2,,5088,01_10_2026_31_10_2026.csv
2026-10-01,23,1020.0000000000000000,0,0,UTILITY,"",,IpcomGayossoAPI,,17,01_10_2026_31_10_2026.csv
2026-10-01,23,10952.5267502666666667,0,0,marketing_lite,"",,IpcomTecMTYsoluciones,,183,01_10_2026_31_10_2026.csv
2026-10-01,23,5626.4912166833333334,0,7,marketing_lite,"",,IpcomTokaCorporativo,,100,01_10_2026_31_10_2026.csv
2026-10-01,23,123052.9876488333333333,0,0,,"",,PENTAFON_CM_SINGLE,118,2050,01_10_2026_31_10_2026.csv
2026-10-01,23,1860.0000000000000000,0,0,,"",,UNITEC_CAMPUS_GUADALAJARA_GOOGLE,118,31,01_10_2026_31_10_2026.csv
2026-10-01,23,49202.0093449166666667,0,0,,"",,PENTAFON_GOOGLE_CONVERSACIONAL,134,817,01_10_2026_31_10_2026.csv
2026-10-01,23,3420.0000000000000000,0,0,,"",,UNITEC_CAMPUS_GUADALAJARA_GOOGLE,134,57,01_10_2026_31_10_2026.csv
2026-10-01,23,58097.2435063333333334,0,0,,"",,PENTAFON_CM_SINGLE,175,967,01_10_2026_31_10_2026.csv
2026-10-01,23,3840.0000000000000000,0,0,,"",,UNITEC_CAMPUS_GUADALAJARA_Single,175,64,01_10_2026_31_10_2026.csv
2026-10-01,23,678757.5043702833333334,0,0,,"",,PENTAFON_CM_SINGLE,188,11294,01_10_2026_31_10_2026.csv
2026-10-01,23,31140.0000000000000000,0,0,,"",,UNITEC_CAMPUS_GUADALAJARA_Single,188,519,01_10_2026_31_10_2026.csv
2026-10-01,23,180.0000000000000000,0,0,,"",,PENTAFON_GOOGLE_CONVERSACIONAL,199,3,01_10_2026_31_10_2026.csv
2026-10-01,23,120.9498478333333333,2,0,,"",,BanCoppel_Conver_CM,,2,01_10_2026_31_10_2026.csv
2026-10-01,23,60.0000395333333333,1,0,,"",,CORPCOB_SINGLE,,1,01_10_2026_31_10_2026.csv
2026-10-01,23,1699.1021800666666666,28,0,,"",,EXITUS_CREDIT_SINGLE,,28,01_10_2026_31_10_2026.csv
2026-10-01,23,240.34859231666666663333,30,26,,"",,EXITUS_VENTAS_CNV,,30,01_10_2026_31_10_2026.csv
2026-10-01,23,180.7751910833333333,3,0,,"",,IPCOMApexWOM,,3,01_10_2026_31_10_2026.csv
2026-10-01,23,59.9975654500000000,1,0,,"",,IPCOMGMTMovistar,,1,01_10_2026_31_10_2026.csv
2026-10-01,23,1392.1706821000000002,23,0,,"",,IPCOMPentafon,,23,01_10_2026_31_10_2026.csv
2026-10-01,23,7503.8262773499999996,120,0,,"",,IPCOMPentafonBC1,,120,01_10_2026_31_10_2026.csv
2026-10-01,23,10334.64201483333333316667,166,0,,"",,IPCOMPentafonBC2,,166,01_10_2026_31_10_2026.csv
2026-10-01,23,814.5391910833333333,13,0,,"",,IPCOMPentafonBC3,,13,01_10_2026_31_10_2026.csv
2026-10-01,23,1777.5997138166666666,23,0,,"",,IPCOMPentafonBC4,,23,01_10_2026_31_10_2026.csv
2026-10-01,23,299.9878814666666667,5,0,,"",,IpcomDaviviendaHNCobros,,5,01_10_2026_31_10_2026.csv
2026-10-01,23,938.2138626500000000,21,0,,"",,IpcomGMTCirculoDeCreditoAtencion,,21,01_10_2026_31_10_2026.csv
2026-10-01,23,179.9656120666666667,3,0,,"",,IpcomGayossoAPI,,3,01_10_2026_31_10_2026.csv
2026-10-01,23,59.9973172333333333,1,0,,"",,IpcomPreventa360Z,,1,01_10_2026_31_10_2026.csv
2026-10-01,23,45.2933691000000000,1,0,,"",,IpcomSondaBrilla,,1,01_10_2026_31_10_2026.csv
2026-10-01,23,30.0142647000000000,3,0,,"",,IpcomTOKAPromociones,,3,01_10_2026_31_10_2026.csv
2026-10-01,23,61.4755683500000000,1,0,,"",,IpcomTecMTYRegistroSoluciones,,1,01_10_2026_31_10_2026.csv
2026-10-01,23,369.66918624999999996667,9,2,,"",,IpcomTecMTYsoluciones,,9,01_10_2026_31_10_2026.csv
2026-10-01,23,0.23988321666666666667,11,11,,"",,IpcomTokaCorporativo,,11,01_10_2026_31_10_2026.csv
2026-10-01,23,423.7029819500000000,7,0,,"",,PENTAFON_CM_SINGLE,,7,01_10_2026_31_10_2026.csv
2026-10-01,23,269.7828243333333334,4,0,,"",,PENTAFON_GOOGLE_CONVERSACIONAL,,4,01_10_2026_31_10_2026.csv
2026-10-01,23,616.2536660500000000,10,0,,"",,Simon&Shuster,,10,01_10_2026_31_10_2026.csv
2026-10-01,23,60.0000673666666667,1,0,,"",,UNITEC_CAMPUS_GUADALAJARA_GOOGLE,,1,01_10_2026_31_10_2026.csv
2026-10-01,23,60.0000377500000000,1,0,,"",,UNITEC_CAMPUS_LOS_REYES_Cnv,,1,01_10_2026_31_10_2026.csv
2026-10-01,23,60.0000449833333333,1,0,,"",,UNITEC_ONLINE_Single,,1,01_10_2026_31_10_2026.csv
2026-10-01,23,60.0000396666666667,1,0,,"",,UVM_UNITEC_Conver,,1,01_10_2026_31_10_2026.csv
2026-10-01,23,60.6639348500000000,1,0,,"",,Universidad Tecnológica de México_single,,1,01_10_2026_31_10_2026.csv
2026-10-01,23,230.5304259000000000,2,1,,"",,ipcomGayossoCobranza,,2,01_10_2026_31_10_2026.csv
2026-10-01,23,180.0000000000000000,0,0,,,,PENTAFON,"",3,01_10_2026_31_10_2026.csv
2026-10-01,23,1380.0000000000000000,0,0,,,,RCS_UNITEC_CAMPUS_GUADALAJARA,"",23,01_10_2026_31_10_2026.csv
2026-10-01,23,60.0000000000000000,0,0,,,,PENTAFON,101,1,01_10_2026_31_10_2026.csv
2026-10-01,23,660.0000000000000000,0,0,,,,PENTAFON,109,11,01_10_2026_31_10_2026.csv
2026-10-01,23,120.0000000000000000,0,0,,,,RCS_UNITEC_CAMPUS_GUADALAJARA,109,2,01_10_2026_31_10_2026.csv
2026-10-01,23,1980.0000000000000000,0,0,,,,RCS_UNITEC_CAMPUS_GUADALAJARA,118,33,01_10_2026_31_10_2026.csv
2026-10-01,23,60.0000000000000000,0,0,,,,PENTAFON,133,1,01_10_2026_31_10_2026.csv
2026-10-01,23,103200.0000000000000000,0,0,,,,PENTAFON,134,1720,01_10_2026_31_10_2026.csv
2026-10-01,23,5280.0000000000000000,0,0,,,,RCS_UNITEC_CAMPUS_GUADALAJARA,134,88,01_10_2026_31_10_2026.csv
2026-10-01,23,60.0000000000000000,0,0,,,,PENTAFON,155,1,01_10_2026_31_10_2026.csv
2026-10-01,23,3240.0000000000000000,0,0,,,,PENTAFON,180,54,01_10_2026_31_10_2026.csv
2026-10-01,23,480.0000000000000000,0,0,,,,RCS_UNITEC_CAMPUS_GUADALAJARA,180,8,01_10_2026_31_10_2026.csv
2026-10-01,23,1080.0000000000000000,0,0,,,,PENTAFON,3,18,01_10_2026_31_10_2026.csv
2026-10-01,23,2220.0000000000000000,0,0,,,,PENTAFON,305,37,01_10_2026_31_10_2026.csv
2026-10-01,23,60.0000000000000000,0,0,,,,PENTAFON,312,1,01_10_2026_31_10_2026.csv
2026-10-01,23,240.0000000000000000,0,0,,,,PENTAFON,4,4,01_10_2026_31_10_2026.csv
2026-10-02,00,60.0000000000000000,0,0,AUTHENTICATION,"",,IpcomGayossoAPI,,1,01_10_2026_31_10_2026.csv
2026-10-02,00,9660.0000000000000000,0,0,MARKETING,"",,IpcomTecMTYsoluciones,,161,01_10_2026_31_10_2026.csv
2026-10-02,00,1260.0000000000000000,0,0,MARKETING,"",,IpcomTokaCorporativo,,21,01_10_2026_31_10_2026.csv
2026-10-02,00,237115.5158645666666670,0,0,UTILITY,"",,IPCOMPentafonBC1,,3910,01_10_2026_31_10_2026.csv
2026-10-02,00,311446.5636788666666669,0,0,UTILITY,"",,IPCOMPentafonBC2,,5088,01_10_2026_31_10_2026.csv
2026-10-02,00,1020.0000000000000000,0,0,UTILITY,"",,IpcomGayossoAPI,,17,01_10_2026_31_10_2026.csv
2026-10-02,00,34630.2220873833333334,0,0,marketing_lite,"",,IpcomTecMTYsoluciones,,573,01_10_2026_31_10_2026.csv
2026-10-02,00,5062.92572015000000000000,0,6,marketing_lite,"",,IpcomTokaCorporativo,,90,01_10_2026_31_10_2026.csv
2026-10-02,00,2940.0000000000000000,0,0,,"",,PENTAFON_CM_SINGLE,118,49,01_10_2026_31_10_2026.csv
2026-10-02,00,1500.0000000000000000,0,0,,"",,PENTAFON_GOOGLE_CONVERSACIONAL,134,25,01_10_2026_31_10_2026.csv
2026-10-02,00,2170.5670264833333334,0,0,,"",,PENTAFON_CM_SINGLE,175,36,01_10_2026_31_10_2026.csv
2026-10-02,00,21971.0208301500000000,0,0,,"",,PENTAFON_CM_SINGLE,188,366,01_10_2026_31_10_2026.csv
2026-10-02,00,181.6000834000000000,3,0,,"",,BanCoppel_Conver_CM,,3,01_10_2026_31_10_2026.csv
2026-10-02,00,120.0000739000000000,2,0,,"",,CORPCOB_SINGLE,,2,01_10_2026_31_10_2026.csv
2026-10-02,00,3151.5216705666666668,51,0,,"",,EXITUS_CREDIT_SINGLE,,51,01_10_2026_31_10_2026.csv
2026-10-02,00,480.54101276666666676667,9,1,,"",,EXITUS_VENTAS_CNV,,9,01_10_2026_31_10_2026.csv
2026-10-02,00,179.9929103166666667,3,0,,"",,IPCOMApexWOM,,3,01_10_2026_31_10_2026.csv
2026-10-02,00,37.7315723666666667,1,0,,"",,IPCOMGMTMovistar,,1,01_10_2026_31_10_2026.csv
2026-10-02,00,1081.5215111666666667,18,0,,"",,IPCOMPentafon,,18,01_10_2026_31_10_2026.csv
2026-10-02,00,6234.3634801166666672,101,0,,"",,IPCOMPentafonBC1,,101,01_10_2026_31_10_2026.csv
2026-10-02,00,11540.89406526666666673333,187,0,,"",,IPCOMPentafonBC2,,187,01_10_2026_31_10_2026.csv
2026-10-02,00,181.6176599333333334,4,0,,"",,IPCOMPentafonBC3,,4,01_10_2026_31_10_2026.csv
2026-10-02,00,937.9454699999999999,15,0,,"",,IPCOMPentafonBC4,,15,01_10_2026_31_10_2026.csv
2026-10-02,00,687.01683665000000003333,18,0,,"",,IpcomGMTCirculoDeCreditoAtencion,,18,01_10_2026_31_10_2026.csv
2026-10-02,00,190.5177546333333333,3,0,,"",,IpcomGayossoAPI,,3,01_10_2026_31_10_2026.csv
2026-10-02,00,93.7759503166666667,3,0,,"",,IpcomSondaBrilla,,3,01_10_2026_31_10_2026.csv
2026-10-02,00,40.0865732500000001,4,0,,"",,IpcomTOKAPromociones,,4,01_10_2026_31_10_2026.csv
2026-10-02,00,229.55835471666666666667,6,0,,"",,IpcomTecMTYsoluciones,,6,01_10_2026_31_10_2026.csv
2026-10-02,00,0.42240995000000000000,23,23,,"",,IpcomTokaCorporativo,,23,01_10_2026_31_10_2026.csv
2026-10-02,00,1089.9275097000000000,18,0,,"",,PENTAFON_CM_SINGLE,,18,01_10_2026_31_10_2026.csv
2026-10-02,00,120.0000800500000000,2,0,,"",,PENTAFON_GOOGLE_CONVERSACIONAL,,2,01_10_2026_31_10_2026.csv
2026-10-02,00,660.24381038333333336667,12,1,,"",,Simon&Shuster,,12,01_10_2026_31_10_2026.csv
2026-10-02,00,60.0000612833333333,1,0,,"",,UNITEC_ONLINE_Single,,1,01_10_2026_31_10_2026.csv
2026-10-02,00,180.0010209999999999,3,0,,"",,UVM_UNITEC_Conver,,3,01_10_2026_31_10_2026.csv
2026-10-02,00,60.5109823666666667,1,0,,"",,Universidad Tecnológica de México_single,,1,01_10_2026_31_10_2026.csv
2026-10-02,00,60.96159926666666663334,3,0,,"",,ipcomGayossoCobranza,,3,01_10_2026_31_10_2026.csv
2026-10-02,00,60.0000000000000000,0,0,,,,PENTAFON,"",1,01_10_2026_31_10_2026.csv
2026-10-02,00,60.0000000000000000,0,0,,,,PENTAFON,101,1,01_10_2026_31_10_2026.csv
2026-10-02,00,60.0000000000000000,0,0,,,,PENTAFON,109,1,01_10_2026_31_10_2026.csv
2026-10-02,00,2820.0000000000000000,0,0,,,,PENTAFON,134,47,01_10_2026_31_10_2026.csv
2026-10-02,00,120.0000000000000000,0,0,,,,PENTAFON,180,2,01_10_2026_31_10_2026.csv
2026-10-02,00,180.0000000000000000,0,0,,,,PENTAFON,188,3,01_10_2026_31_10_2026.csv
2026-10-02,00,60.0000000000000000,0,0,,,,PENTAFON,3,1,01_10_2026_31_10_2026.csv
2026-10-02,01,300.0000000000000000,0,0,AUTHENTICATION,"",,IpcomGayossoAPI,,5,01_10_2026_31_10_2026.csv
2026-10-02,01,1980.0000000000000000,0,0,MARKETING,"",,IpcomTokaCorporativo,,33,01_10_2026_31_10_2026.csv
2026-10-02,01,236467.0134807333333334,0,0,UTILITY,"",,IPCOMPentafonBC1,,3910,01_10_2026_31_10_2026.csv
2026-10-02,01,306328.0070072333333330,0,0,UTILITY,"",,IPCOMPentafonBC2,,5087,01_10_2026_31_10_2026.csv
2026-10-02,01,840.0000000000000000,0,0,UTILITY,"",,IpcomGayossoAPI,,14,01_10_2026_31_10_2026.csv
2026-10-02,01,60.0000000000000000,0,0,marketing_lite,"",,IPCOMExitusCredit,,1,01_10_2026_31_10_2026.csv
2026-10-02,01,5586.93846415000000010000,0,8,marketing_lite,"",,IpcomTokaCorporativo,,100,01_10_2026_31_10_2026.csv
2026-10-02,01,51487.5857066833333333,0,0,,"",,PENTAFON_CM_SINGLE,118,858,01_10_2026_31_10_2026.csv
2026-10-02,01,16339.5288665000000000,0,0,,"",,PENTAFON_GOOGLE_CONVERSACIONAL,134,272,01_10_2026_31_10_2026.csv
2026-10-02,01,25514.1008650166666667,0,0,,"",,PENTAFON_CM_SINGLE,175,424,01_10_2026_31_10_2026.csv
2026-10-02,01,269564.0183354500000000,0,0,,"",,PENTAFON_CM_SINGLE,188,4484,01_10_2026_31_10_2026.csv
2026-10-02,01,180.0001181333333333,3,0,,"",,CORPCOB_SINGLE,,3,01_10_2026_31_10_2026.csv
2026-10-02,01,1632.6325786833333335,27,0,,"",,EXITUS_CREDIT_SINGLE,,27,01_10_2026_31_10_2026.csv
2026-10-02,01,240.32246928333333326667,5,1,,"",,EXITUS_VENTAS_CNV,,5,01_10_2026_31_10_2026.csv
2026-10-02,01,192.0673119500000000,3,0,,"",,IPCOMApexWOM,,3,01_10_2026_31_10_2026.csv
2026-10-02,01,1023.2009401333333333,17,0,,"",,IPCOMPentafon,,17,01_10_2026_31_10_2026.csv
2026-10-02,01,8547.2613828500000002,147,0,,"",,IPCOMPentafonBC1,,147,01_10_2026_31_10_2026.csv
2026-10-02,01,14390.6673727500000009,243,0,,"",,IPCOMPentafonBC2,,243,01_10_2026_31_10_2026.csv
2026-10-02,01,511.6021049500000000,7,0,,"",,IPCOMPentafonBC3,,7,01_10_2026_31_10_2026.csv
2026-10-02,01,1319.82323835000000013333,19,0,,"",,IPCOMPentafonBC4,,19,01_10_2026_31_10_2026.csv
2026-10-02,01,180.6158640833333333,3,0,,"",,IpcomDaviviendaHNCobros,,3,01_10_2026_31_10_2026.csv
2026-10-02,01,119.6089927166666667,4,1,,"",,IpcomGMTCirculoDeCreditoAtencion,,4,01_10_2026_31_10_2026.csv
2026-10-02,01,119.9689312333333334,2,0,,"",,IpcomGayossoAPI,,2,01_10_2026_31_10_2026.csv
2026-10-02,01,30.0140806833333333,3,0,,"",,IpcomTOKAPromociones,,3,01_10_2026_31_10_2026.csv
2026-10-02,01,48.5277469833333333,1,0,,"",,IpcomTecMTYRegistroSoluciones,,1,01_10_2026_31_10_2026.csv
2026-10-02,01,180.18873836666666666667,8,5,,"",,IpcomTecMTYsoluciones,,8,01_10_2026_31_10_2026.csv
2026-10-02,01,0.19782665000000000000,12,12,,"",,IpcomTokaCorporativo,,12,01_10_2026_31_10_2026.csv
2026-10-02,01,1925.2924165000000000,32,0,,"",,PENTAFON_CM_SINGLE,,32,01_10_2026_31_10_2026.csv
2026-10-02,01,60.0000457666666667,1,0,,"",,PENTAFON_GOOGLE_CONVERSACIONAL,,1,01_10_2026_31_10_2026.csv
2026-10-02,01,900.56313046666666673333,16,1,,"",,Simon&Shuster,,16,01_10_2026_31_10_2026.csv
2026-10-02,01,60.50683043333333330000,2,1,,"",,UNITEC_ONLINE_Single,,2,01_10_2026_31_10_2026.csv
2026-10-02,01,360.0009498666666667,6,0,,"",,UVM_UNITEC_Conver,,6,01_10_2026_31_10_2026.csv
2026-10-02,01,0.18622218333333333333,1,0,,"",,ipcomGayossoCobranza,,1,01_10_2026_31_10_2026.csv
2026-10-02,01,60.0000000000000000,0,0,,,,PENTAFON,109,1,01_10_2026_31_10_2026.csv
2026-10-02,01,41340.0000000000000000,0,0,,,,PENTAFON,134,689,01_10_2026_31_10_2026.csv
2026-10-02,01,1020.0000000000000000,0,0,,,,PENTAFON,180,17,01_10_2026_31_10_2026.csv
2026-10-02,01,240.0000000000000000,0,0,,,,PENTAFON,3,4,01_10_2026_31_10_2026.csv
2026-10-02,01,1260.0000000000000000,0,0,,,,PENTAFON,305,21,01_10_2026_31_10_2026.csv
2026-10-02,01,120.0000000000000000,0,0,,,,PENTAFON,312,2,01_10_2026_31_10_2026.csv
2026-10-02,01,60.0000000000000000,0,0,,,,PENTAFON,4,1,01_10_2026_31_10_2026.csv
2026-10-02,02,2580.0000000000000000,0,0,MARKETING,"",,IpcomTokaCorporativo,,43,01_10_2026_31_10_2026.csv
2026-10-02,02,420.0000000000000000,0,0,UTILITY,"",,IpcomGayossoAPI,,7,01_10_2026_31_10_2026.csv
2026-10-02,02,5141.4579348666666667,0,4,marketing_lite,"",,IpcomTokaCorporativo,,89,01_10_2026_31_10_2026.csv
2026-10-02,02,60.0000372666666667,1,0,,"",,BanCoppel_Conver_CM,,1,01_10_2026_31_10_2026.csv
2026-10-02,02,120.1203533333333333,2,0,,"",,CORPCOB_SINGLE,,2,01_10_2026_31_10_2026.csv
2026-10-02,02,1090.1574753999999999,19,1,,"",,EXITUS_CREDIT_SINGLE,,19,01_10_2026_31_10_2026.csv
2026-10-02,02,120.9116421166666666,2,0,,"",,EXITUS_VENTAS_CNV,,2,01_10_2026_31_10_2026.csv
2026-10-02,02,59.9851961000000000,1,0,,"",,IPCOMApexWOM,,1,01_10_2026_31_10_2026.csv
2026-10-02,02,0.01919026666666666667,1,1,,"",,IPCOMGMTMovistar,,1,01_10_2026_31_10_2026.csv
2026-10-02,02,1080.7857433000000001,18,0,,"",,IPCOMPentafon,,18,01_10_2026_31_10_2026.csv
2026-10-02,02,6507.2366165666666665,120,0,,"",,IPCOMPentafonBC1,,120,01_10_2026_31_10_2026.csv
2026-10-02,02,10457.3562974166666667,194,0,,"",,IPCOMPentafonBC2,,194,01_10_2026_31_10_2026.csv
2026-10-02,02,459.7666853333333334,7,0,,"",,IPCOMPentafonBC3,,7,01_10_2026_31_10_2026.csv
2026-10-02,02,1053.1635360333333333,15,0,,"",,IPCOMPentafonBC4,,15,01_10_2026_31_10_2026.csv
2026-10-02,02,59.9853686500000000,1,0,,"",,IpcomDaviviendaHNCobros,,1,01_10_2026_31_10_2026.csv
2026-10-02,02,199.10715273333333330000,9,5,,"",,IpcomGMTCirculoDeCreditoAtencion,,9,01_10_2026_31_10_2026.csv
2026-10-02,02,40.0349539166666667,4,0,,"",,IpcomTOKAPromociones,,4,01_10_2026_31_10_2026.csv
2026-10-02,02,119.99785538333333333334,5,3,,"",,IpcomTecMTYsoluciones,,5,01_10_2026_31_10_2026.csv
2026-10-02,02,0.11616231666666666666,7,7,,"",,IpcomTokaCorporativo,,7,01_10_2026_31_10_2026.csv
2026-10-02,02,1401.7184654833333335,23,0,,"",,PENTAFON_CM_SINGLE,,23,01_10_2026_31_10_2026.csv
2026-10-02,02,180.0001485499999999,3,0,,"",,PENTAFON_GOOGLE_CONVERSACIONAL,,3,01_10_2026_31_10_2026.csv
2026-10-02,02,302.11157600000000006667,7,2,,"",,Simon&Shuster,,7,01_10_2026_31_10_2026.csv
2026-10-02,02,63.73934285000000003333,2,1,,"",,UNITEC_CAMPUS_MARINA_Ms,,2,01_10_2026_31_10_2026.csv
2026-10-02,02,60.0000574833333333,1,0,,"",,UNITEC_ONLINE_Single,,1,01_10_2026_31_10_2026.csv
2026-10-02,02,180.0001412000000000,3,0,,"",,UVM_UNITEC_Conver,,3,01_10_2026_31_10_2026.csv
2026-10-02,03,60.0000000000000000,0,0,AUTHENTICATION,"",,IpcomGayossoAPI,,1,01_10_2026_31_10_2026.csv
2026-10-02,03,1980.0000000000000000,0,0,MARKETING,"",,IpcomTokaCorporativo,,33,01_10_2026_31_10_2026.csv
2026-10-02,03,4360.2529512833333333,0,2,marketing_lite,"",,IpcomTokaCorporativo,,74,01_10_2026_31_10_2026.csv
2026-10-02,03,0.00977173333333333333,1,1,,"",MX.1042951041826069,IpcomTecMTYWhatsApp,,1,01_10_2026_31_10_2026.csv
2026-10-02,03,896.5324192333333334,14,0,,"",,EXITUS_CREDIT_SINGLE,,14,01_10_2026_31_10_2026.csv
2026-10-02,03,60.0000377500000000,1,0,,"",,EXITUS_VENTAS_CNV,,1,01_10_2026_31_10_2026.csv
2026-10-02,03,60.0000728666666667,1,0,,"",,Fincomun_single_CM,,1,01_10_2026_31_10_2026.csv
2026-10-02,03,59.9850403333333333,1,0,,"",,IPCOMApexWOM,,1,01_10_2026_31_10_2026.csv
2026-10-02,03,0.01745116666666666667,1,1,,"",,IPCOMGMTMovistar,,1,01_10_2026_31_10_2026.csv
2026-10-02,03,419.9096303666666667,7,0,,"",,IPCOMPentafon,,7,01_10_2026_31_10_2026.csv
2026-10-02,03,2575.0184678000000003,72,0,,"",,IPCOMPentafonBC1,,72,01_10_2026_31_10_2026.csv
2026-10-02,03,4110.10282019999999993333,125,0,,"",,IPCOMPentafonBC2,,125,01_10_2026_31_10_2026.csv
2026-10-02,03,35.0392756333333333,2,0,,"",,IPCOMPentafonBC3,,2,01_10_2026_31_10_2026.csv
2026-10-02,03,25.36893328333333330000,6,0,,"",,IPCOMPentafonBC4,,6,01_10_2026_31_10_2026.csv
2026-10-02,03,59.9977527666666667,1,0,,"",,IpcomDaviviendaHNCobros,,1,01_10_2026_31_10_2026.csv
2026-10-02,03,430.1477244000000000,8,0,,"",,IpcomGMTCirculoDeCreditoAtencion,,8,01_10_2026_31_10_2026.csv
2026-10-02,03,59.6215821500000000,5,0,,"",,IpcomTOKAPromociones,,5,01_10_2026_31_10_2026.csv
2026-10-02,03,0.01740396666666666667,1,1,,"",,IpcomTecMTYRegistroSoluciones,,1,01_10_2026_31_10_2026.csv
2026-10-02,03,60.00393865000000003334,3,2,,"",,IpcomTecMTYsoluciones,,3,01_10_2026_31_10_2026.csv
2026-10-02,03,0.04907145000000000000,3,3,,"",,IpcomTokaCorporativo,,3,01_10_2026_31_10_2026.csv
2026-10-02,03,784.7937436333333332,13,0,,"",,PENTAFON_CM_SINGLE,,13,01_10_2026_31_10_2026.csv
2026-10-02,03,120.0000776666666666,2,0,,"",,PENTAFON_GOOGLE_CONVERSACIONAL,,2,01_10_2026_31_10_2026.csv
2026-10-02,03,60.0003588833333333,1,0,,"",,RAC_Cnv,,1,01_10_2026_31_10_2026.csv
2026-10-02,03,241.98720339999999996667,7,3,,"",,Simon&Shuster,,7,01_10_2026_31_10_2026.csv
2026-10-02,03,120.6187799833333333,2,0,,"",,UVM_UNITEC_Conver,,2,01_10_2026_31_10_2026.csv
2026-10-02,04,60.0000000000000000,0,0,AUTHENTICATION,"",,IpcomGayossoAPI,,1,01_10_2026_31_10_2026.csv
2026-10-02,04,1980.0000000000000000,0,0,MARKETING,"",,IpcomTokaCorporativo,,33,01_10_2026_31_10_2026.csv
2026-10-02,04,2892.31116130000000000000,0,2,marketing_lite,"",,IpcomTokaCorporativo,,50,01_10_2026_31_10_2026.csv
2026-10-02,04,60.5024361500000000,1,0,,"",,CORPCOB_SINGLE,,1,01_10_2026_31_10_2026.csv
2026-10-02,04,360.9418684833333333,6,0,,"",,EXITUS_CREDIT_SINGLE,,6,01_10_2026_31_10_2026.csv
2026-10-02,04,60.0000396500000000,1,0,,"",,EXITUS_VENTAS_CNV,,1,01_10_2026_31_10_2026.csv
2026-10-02,04,59.9858519166666667,1,0,,"",,IPCOMApexWOM,,1,01_10_2026_31_10_2026.csv
2026-10-02,04,361.3351173000000001,6,0,,"",,IPCOMPentafon,,6,01_10_2026_31_10_2026.csv
2026-10-02,04,2470.2671512666666667,55,0,,"",,IPCOMPentafonBC1,,55,01_10_2026_31_10_2026.csv
2026-10-02,04,4199.71615378333333366667,85,11,,"",,IPCOMPentafonBC2,,85,01_10_2026_31_10_2026.csv
2026-10-02,04,120.84456353333333326667,3,0,,"",,IPCOMPentafonBC4,,3,01_10_2026_31_10_2026.csv
2026-10-02,04,61.05580999999999996667,2,1,,"",,IpcomGMTCirculoDeCreditoAtencion,,2,01_10_2026_31_10_2026.csv
2026-10-02,04,59.9835409666666667,1,0,,"",,IpcomGayossoAPI,,1,01_10_2026_31_10_2026.csv
2026-10-02,04,40.0171953166666667,4,0,,"",,IpcomTOKAPromociones,,4,01_10_2026_31_10_2026.csv
2026-10-02,04,59.9845661166666667,1,0,,"",,IpcomTecMTYsoluciones,,1,01_10_2026_31_10_2026.csv
2026-10-02,04,0.09386790000000000000,5,5,,"",,IpcomTokaCorporativo,,5,01_10_2026_31_10_2026.csv
2026-10-02,04,180.0909134000000001,3,0,,"",,PENTAFON_CM_SINGLE,,3,01_10_2026_31_10_2026.csv
2026-10-02,04,60.8903596833333333,1,0,,"",,PENTAFON_GOOGLE_CONVERSACIONAL,,1,01_10_2026_31_10_2026.csv
2026-10-02,04,240.0003644000000000,4,0,,"",,Simon&Shuster,,4,01_10_2026_31_10_2026.csv
2026-10-02,04,60.0000747500000000,1,0,,"",,UNITEC_CAMPUS_CUITLAHUAC_Ms,,1,01_10_2026_31_10_2026.csv
2026-10-02,04,180.0003170500000000,3,0,,"",,UVM_UNITEC_Conver,,3,01_10_2026_31_10_2026.csv
2026-10-02,04,60.18487410000000003333,2,0,,"",,ipcomGayossoCobranza,,2,01_10_2026_31_10_2026.csv
2026-10-02,05,60.0000000000000000,0,0,AUTHENTICATION,"",,IpcomGayossoAPI,,1,01_10_2026_31_10_2026.csv
2026-10-02,05,1020.0000000000000000,0,0,MARKETING,"",,IpcomTokaCorporativo,,17,01_10_2026_31_10_2026.csv
2026-10-02,05,60.0000000000000000,0,0,marketing_lite,"",,IPCOMUniversidadNorbertWGocontact,,1,01_10_2026_31_10_2026.csv
2026-10-02,05,2351.9195930333333333,0,3,marketing_lite,"",,IpcomTokaCorporativo,,42,01_10_2026_31_10_2026.csv
2026-10-02,05,240.4712317000000000,4,0,,"",,EXITUS_CREDIT_SINGLE,,4,01_10_2026_31_10_2026.csv
2026-10-02,05,64.9937622333333333,1,0,,"",,IPCOMApexWOM,,1,01_10_2026_31_10_2026.csv
2026-10-02,05,299.9504911166666666,5,0,,"",,IPCOMPentafon,,5,01_10_2026_31_10_2026.csv
2026-10-02,05,1142.6022793833333333,19,0,,"",,IPCOMPentafonBC1,,19,01_10_2026_31_10_2026.csv
2026-10-02,05,2760.5979927666666667,46,6,,"",,IPCOMPentafonBC2,,46,01_10_2026_31_10_2026.csv
2026-10-02,05,59.9856063833333333,1,0,,"",,IPCOMPentafonBC3,,1,01_10_2026_31_10_2026.csv
2026-10-02,05,179.9677329666666666,3,0,,"",,IPCOMPentafonBC4,,3,01_10_2026_31_10_2026.csv
2026-10-02,05,181.94076403333333340000,6,2,,"",,IpcomGMTCirculoDeCreditoAtencion,,6,01_10_2026_31_10_2026.csv
2026-10-02,05,119.9671514833333333,2,0,,"",,IpcomGayossoAPI,,2,01_10_2026_31_10_2026.csv
2026-10-02,05,10.0298755000000000,1,0,,"",,IpcomTOKAPromociones,,1,01_10_2026_31_10_2026.csv
2026-10-02,05,59.9825294333333333,1,0,,"",,IpcomTecMTYsoluciones,,1,01_10_2026_31_10_2026.csv
2026-10-02,05,0.03639858333333333333,2,2,,"",,IpcomTokaCorporativo,,2,01_10_2026_31_10_2026.csv
2026-10-02,05,180.0001250833333334,3,0,,"",,PENTAFON_CM_SINGLE,,3,01_10_2026_31_10_2026.csv
2026-10-02,05,60.0000368500000000,1,0,,"",,PENTAFON_GOOGLE_CONVERSACIONAL,,1,01_10_2026_31_10_2026.csv
2026-10-02,05,240.0003541333333333,4,0,,"",,Simon&Shuster,,4,01_10_2026_31_10_2026.csv
2026-10-02,05,60.0001205166666667,1,0,,"",,UNITEC_GENERAL_GOOGLE,,1,01_10_2026_31_10_2026.csv
2026-10-02,05,60.0000387166666667,1,0,,"",,UNITEC_ONLINE_Single,,1,01_10_2026_31_10_2026.csv
2026-10-02,05,60.0711897500000000,1,0,,"",,UVM_UNITEC_Conver,,1,01_10_2026_31_10_2026.csv
2026-10-02,06,780.0000000000000000,0,0,MARKETING,"",,IpcomTokaCorporativo,,13,01_10_2026_31_10_2026.csv
2026-10-02,06,1260.0000000000000000,0,0,marketing_lite,"",,IpcomTokaCorporativo,,21,01_10_2026_31_10_2026.csv
2026-10-02,06,60.0005662166666667,1,0,,"",,ASESORIA_BYR_BASIC,,1,01_10_2026_31_10_2026.csv
2026-10-02,06,60.0000606333333333,1,0,,"",,CORPCOB_SINGLE,,1,01_10_2026_31_10_2026.csv
2026-10-02,06,120.0000994500000000,2,0,,"",,EXITUS_CREDIT_SINGLE,,2,01_10_2026_31_10_2026.csv
2026-10-02,06,59.9856657833333333,1,0,,"",,IPCOMPentafon,,1,01_10_2026_31_10_2026.csv
2026-10-02,06,480.6839063666666667,8,0,,"",,IPCOMPentafonBC1,,8,01_10_2026_31_10_2026.csv
2026-10-02,06,1440.5246027666666668,24,6,,"",,IPCOMPentafonBC2,,24,01_10_2026_31_10_2026.csv
2026-10-02,06,60.1170021166666667,1,1,,"",,IPCOMPentafonBC3,,1,01_10_2026_31_10_2026.csv
2026-10-02,06,59.9831472500000000,1,0,,"",,IpcomTecMTYsoluciones,,1,01_10_2026_31_10_2026.csv
2026-10-02,06,0.04308520000000000000,2,2,,"",,IpcomTokaCorporativo,,2,01_10_2026_31_10_2026.csv
2026-10-02,06,120.0000779500000000,2,0,,"",,PENTAFON_CM_SINGLE,,2,01_10_2026_31_10_2026.csv
2026-10-02,06,481.39463436666666666667,10,2,,"",,Simon&Shuster,,10,01_10_2026_31_10_2026.csv
2026-10-02,06,120.0000792500000000,2,0,,"",,UVM_UNITEC_Conver,,2,01_10_2026_31_10_2026.csv
2026-10-02,07,480.0000000000000000,0,0,MARKETING,"",,IpcomTokaCorporativo,,8,01_10_2026_31_10_2026.csv
2026-10-02,07,660.0000000000000000,0,0,marketing_lite,"",,IpcomTokaCorporativo,,11,01_10_2026_31_10_2026.csv
2026-10-02,07,60.0000404333333333,1,0,,"",,CORPCOB_SINGLE,,1,01_10_2026_31_10_2026.csv
2026-10-02,07,120.0001039166666667,2,0,,"",,EXITUS_CREDIT_SINGLE,,2,01_10_2026_31_10_2026.csv
2026-10-02,07,59.9855938500000000,1,0,,"",,IPCOMPentafon,,1,01_10_2026_31_10_2026.csv
2026-10-02,07,660.6020055166666669,11,0,,"",,IPCOMPentafonBC1,,11,01_10_2026_31_10_2026.csv
2026-10-02,07,720.2235992500000000,12,4,,"",,IPCOMPentafonBC2,,12,01_10_2026_31_10_2026.csv
2026-10-02,07,59.9854422500000000,1,0,,"",,IPCOMPentafonBC3,,1,01_10_2026_31_10_2026.csv
2026-10-02,07,300.4775953666666666,5,0,,"",,IPCOMPentafonBC4,,5,01_10_2026_31_10_2026.csv
2026-10-02,07,59.9856638166666667,1,0,,"",,IpcomDaviviendaHNCobros,,1,01_10_2026_31_10_2026.csv
2026-10-02,07,240.0001822333333333,4,0,,"",,PENTAFON_CM_SINGLE,,4,01_10_2026_31_10_2026.csv
2026-10-02,07,60.0000897166666667,1,0,,"",,Simon&Shuster,,1,01_10_2026_31_10_2026.csv
2026-10-02,07,60.0000469333333333,1,0,,"",,UNITEC_ONLINE_Single,,1,01_10_2026_31_10_2026.csv
2026-10-02,08,180.0000000000000000,0,0,MARKETING,"",,IpcomTokaCorporativo,,3,01_10_2026_31_10_2026.csv
2026-10-02,08,241.8351584666666667,0,1,marketing_lite,"",,IpcomTokaCorporativo,,5,01_10_2026_31_10_2026.csv
2026-10-02,08,60.0000416500000000,1,0,,"",,CORPCOB_SINGLE,,1,01_10_2026_31_10_2026.csv
2026-10-02,08,60.2414958333333333,1,0,,"",,EXITUS_CREDIT_SINGLE,,1,01_10_2026_31_10_2026.csv
2026-10-02,08,59.9848678333333333,1,0,,"",,IPCOMApexWOM,,1,01_10_2026_31_10_2026.csv
2026-10-02,08,119.9707349166666667,2,0,,"",,IPCOMPentafonBC1,,2,01_10_2026_31_10_2026.csv
2026-10-02,08,420.3463873000000001,7,3,,"",,IPCOMPentafonBC2,,7,01_10_2026_31_10_2026.csv
2026-10-02,08,60.2021592500000000,1,0,,"",,IPCOMPentafonBC4,,1,01_10_2026_31_10_2026.csv
2026-10-02,08,0.01780545000000000000,1,1,,"",,IpcomTokaCorporativo,,1,01_10_2026_31_10_2026.csv
2026-10-02,08,122.49226111666666660000,3,1,,"",,Simon&Shuster,,3,01_10_2026_31_10_2026.csv
2026-10-02,09,60.0000000000000000,0,0,MARKETING,"",,IPCOMUniversidadNorbertWGocontact,,1,01_10_2026_31_10_2026.csv
2026-10-02,09,720.0000000000000000,0,0,MARKETING,"",,IpcomTokaCorporativo,,12,01_10_2026_31_10_2026.csv
2026-10-02,09,120.0000000000000000,0,0,marketing_lite,"",,IpcomTokaCorporativo,,2,01_10_2026_31_10_2026.csv
2026-10-02,09,60.0000404166666667,1,0,,"",,CORPCOB_SINGLE,,1,01_10_2026_31_10_2026.csv
2026-10-02,09,61.6006920666666667,1,0,,"",,EXITUS_CREDIT_SINGLE,,1,01_10_2026_31_10_2026.csv
2026-10-02,09,299.9353809666666667,5,0,,"",,IPCOMPentafonBC1,,5,01_10_2026_31_10_2026.csv
2026-10-02,09,359.9100066166666666,6,0,,"",,IPCOMPentafonBC2,,6,01_10_2026_31_10_2026.csv
2026-10-02,09,180.0003330500000000,3,0,,"",,Simon&Shuster,,3,01_10_2026_31_10_2026.csv
2026-10-02,09,60.0000583666666667,1,0,,"",,UVM_UNITEC_Conver,,1,01_10_2026_31_10_2026.csv
2026-10-02,10,1860.0000000000000000,0,0,MARKETING,"",,IPCOMUniversidadNorbertWGocontact,,31,01_10_2026_31_10_2026.csv
2026-10-02,10,120.0000000000000000,0,0,MARKETING,"",,IpcomTokaCorporativo,,2,01_10_2026_31_10_2026.csv
2026-10-02,10,480.0000000000000000,0,0,marketing_lite,"",,IpcomTokaCorporativo,,8,01_10_2026_31_10_2026.csv
2026-10-02,10,181.1815871500000001,3,0,,"",,EXITUS_CREDIT_SINGLE,,3,01_10_2026_31_10_2026.csv
2026-10-02,10,182.2078132166666666,3,0,,"",,IPCOMApexWOM,,3,01_10_2026_31_10_2026.csv
2026-10-02,10,59.9847111166666667,1,0,,"",,IPCOMPentafon,,1,01_10_2026_31_10_2026.csv
2026-10-02,10,179.9532598500000001,3,0,,"",,IPCOMPentafonBC1,,3,01_10_2026_31_10_2026.csv
2026-10-02,10,299.9256778000000000,5,0,,"",,IPCOMPentafonBC2,,5,01_10_2026_31_10_2026.csv
2026-10-02,10,0.02826138333333333333,1,1,,"",,IpcomTokaCorporativo,,1,01_10_2026_31_10_2026.csv
2026-10-02,10,180.0002381666666666,3,0,,"",,Simon&Shuster,,3,01_10_2026_31_10_2026.csv
2026-10-02,11,420.0000000000000000,0,0,MARKETING,"",,IpcomTokaCorporativo,,7,01_10_2026_31_10_2026.csv
2026-10-02,11,485.6272937833333333,0,1,marketing_lite,"",,IpcomTokaCorporativo,,9,01_10_2026_31_10_2026.csv
2026-10-02,11,120.0000777333333333,2,0,,"",,EXITUS_CREDIT_SINGLE,,2,01_10_2026_31_10_2026.csv
2026-10-02,11,179.9629176000000000,3,0,,"",,IPCOMApexWOM,,3,01_10_2026_31_10_2026.csv
2026-10-02,11,59.9851621833333333,1,0,,"",,IPCOMGMTMovistar,,1,01_10_2026_31_10_2026.csv
2026-10-02,11,59.9975871500000000,1,0,,"",,IPCOMPentafon,,1,01_10_2026_31_10_2026.csv
2026-10-02,11,181.5506137666666667,3,0,,"",,IPCOMPentafonBC1,,3,01_10_2026_31_10_2026.csv
2026-10-02,11,240.0096703666666666,4,1,,"",,IPCOMPentafonBC2,,4,01_10_2026_31_10_2026.csv
2026-10-02,11,59.9974110333333333,1,0,,"",,IPCOMPentafonBC4,,1,01_10_2026_31_10_2026.csv
2026-10-02,11,0.04279363333333333333,2,2,,"",,IpcomTokaCorporativo,,2,01_10_2026_31_10_2026.csv
2026-10-02,11,61.7973801833333333,1,0,,"",,PENTAFON_CM_SINGLE,,1,01_10_2026_31_10_2026.csv
2026-10-02,11,361.31394958333333320000,8,2,,"",,Simon&Shuster,,8,01_10_2026_31_10_2026.csv
2026-10-02,11,60.0002722000000000,1,0,,"",,UNITEC_CAMPUS_ONLINE_GOOGLE,,1,01_10_2026_31_10_2026.csv
2026-10-02,12,,0,0,AUTHENTICATION,"",,IpcomGayossoAPI,,2,01_10_2026_31_10_2026.csv
2026-10-02,12,,0,0,MARKETING,"",,IpcomTokaCorporativo,,5,01_10_2026_31_10_2026.csv
2026-10-02,12,,0,0,marketing_lite,"",,IpcomTokaCorporativo,,24,01_10_2026_31_10_2026.csv
2026-10-02,12,,1,0,,"",,CORPCOB_SINGLE,,1,01_10_2026_31_10_2026.csv
2026-10-02,12,,5,0,,"",,EXITUS_CREDIT_SINGLE,,5,01_10_2026_31_10_2026.csv
2026-10-02,12,,2,0,,"",,EXITUS_VENTAS_CNV,,2,01_10_2026_31_10_2026.csv
2026-10-02,12,61.9158004833333333,4,0,,"",,IPCOMApexWOM,,4,01_10_2026_31_10_2026.csv
2026-10-02,12,,2,0,,"",,IPCOMPentafon,,2,01_10_2026_31_10_2026.csv
2026-10-02,12,,11,0,,"",,IPCOMPentafonBC1,,11,01_10_2026_31_10_2026.csv
2026-10-02,12,120.1068227666666667,20,2,,"",,IPCOMPentafonBC2,,20,01_10_2026_31_10_2026.csv
2026-10-02,12,,1,0,,"",,IPCOMPentafonBC3,,1,01_10_2026_31_10_2026.csv
2026-10-02,12,,2,0,,"",,IPCOMPentafonBC4,,2,01_10_2026_31_10_2026.csv
2026-10-02,12,59.7502589166666667,3,0,,"",,IpcomGMTCirculoDeCreditoAtencion,,3,01_10_2026_31_10_2026.csv
2026-10-02,12,0.62930190000000000000,1,0,,"",,IpcomSondaBrilla,,1,01_10_2026_31_10_2026.csv
2026-10-02,12,0.17896176666666666667,9,9,,"",,IpcomTokaCorporativo,,9,01_10_2026_31_10_2026.csv
2026-10-02,12,0.82672795000000000000,12,2,,"",,Simon&Shuster,,12,01_10_2026_31_10_2026.csv
2026-10-02,12,,1,0,,"",,UVM_UNITEC_Conver,,1,01_10_2026_31_10_2026.csv
2026-10-02,13,,0,0,AUTHENTICATION,"",,IpcomGayossoAPI,,1,01_10_2026_31_10_2026.csv
2026-10-02,13,,0,0,MARKETING,"",,IPCOMUniversidadNorbertWGocontact,,42,01_10_2026_31_10_2026.csv
2026-10-02,13,,0,0,MARKETING,"",,IpcomTokaCorporativo,,20,01_10_2026_31_10_2026.csv
2026-10-02,13,,0,0,marketing_lite,"",,IPCOMUniversidadNorbertWGocontact,,13,01_10_2026_31_10_2026.csv
2026-10-02,13,5.5191347166666667,0,1,marketing_lite,"",,IpcomTokaCorporativo,,29,01_10_2026_31_10_2026.csv
2026-10-02,13,,5,0,,"",,EXITUS_CREDIT_SINGLE,,5,01_10_2026_31_10_2026.csv
2026-10-02,13,0.01422446666666666667,1,1,,"",,EXITUS_VENTAS_CNV,,1,01_10_2026_31_10_2026.csv
2026-10-02,13,,4,0,,"",,IPCOMApexWOM,,4,01_10_2026_31_10_2026.csv
2026-10-02,13,,2,0,,"",,IPCOMPentafon,,2,01_10_2026_31_10_2026.csv
2026-10-02,13,,14,0,,"",,IPCOMPentafonBC1,,14,01_10_2026_31_10_2026.csv
2026-10-02,13,,39,0,,"",,IPCOMPentafonBC2,,39,01_10_2026_31_10_2026.csv
2026-10-02,13,,1,0,,"",,IPCOMPentafonBC3,,1,01_10_2026_31_10_2026.csv
2026-10-02,13,,4,0,,"",,IPCOMPentafonBC4,,4,01_10_2026_31_10_2026.csv
2026-10-02,13,,1,0,,"",,IpcomDaviviendaHNCobros,,1,01_10_2026_31_10_2026.csv
2026-10-02,13,2.80961989999999996667,2,0,,"",,IpcomGMTCirculoDeCreditoAtencion,,2,01_10_2026_31_10_2026.csv
2026-10-02,13,,2,0,,"",,IpcomSondaBrilla,,2,01_10_2026_31_10_2026.csv
2026-10-02,13,10.0169009500000000,1,0,,"",,IpcomTOKAPromociones,,1,01_10_2026_31_10_2026.csv
2026-10-02,13,,1,0,,"",,IpcomTecMTYsoluciones,,1,01_10_2026_31_10_2026.csv
2026-10-02,13,0.11315645000000000000,4,4,,"",,IpcomTokaCorporativo,,4,01_10_2026_31_10_2026.csv
2026-10-02,13,,3,0,,"",,PENTAFON_CM_SINGLE,,3,01_10_2026_31_10_2026.csv
2026-10-02,13,27.8483798500000001,8,0,,"",,Simon&Shuster,,8,01_10_2026_31_10_2026.csv
2026-10-02,13,,1,0,,"",,UNITEC_ONLINE_Single,,1,01_10_2026_31_10_2026.csv
2026-10-02,13,,2,0,,"",,UVM_UNITEC_Conver,,2,01_10_2026_31_10_2026.csv
