"session_start_fecha","session_start_hora","duracion_total","user_started_session","not_available_agent_session","category","agent_id","bsuid","botname","operator_id","cuenta"
"2026-10-01","08",,3,0,,"",,IPCOMPentafonBC1,,3
"2026-10-01","01",180.0001224000000000,3,0,,"",,PENTAFON_CM_SINGLE,,3
"2026-10-01","02",119.9701904666666667,2,0,,"",,IPCOMPentafonBC1,,2
"2026-10-01","01",60.0000555833333333,1,0,,"",,EXITUS_CREDIT_SINGLE,,1
"2026-10-01","07",,3,0,,"",,IPCOMPentafon,,3
"2026-10-01","03",59.9853733666666667,1,0,,"",,IPCOMPentafonBC1,,1
"2026-10-01","03",600.0000000000000000,0,0,marketing_lite,"",,IpcomTokaCorporativo,,10
"2026-10-01","06",60.0000000000000000,0,0,AUTHENTICATION,"",,IpcomGayossoAPI,,1
"2026-10-01","08",,1,0,,"",,Simon&Shuster,,1
"2026-10-01","05",360.0000000000000000,0,0,marketing_lite,"",,IpcomTokaCorporativo,,6
"2026-10-01","07",,2,0,,"",,IpcomGayossoAPI,,2
"2026-10-01","01",59.9853964666666667,1,0,,"",,IPCOMApexWOM,,1
"2026-10-01","00",183.5702140833333334,3,0,,"",,IPCOMApexWOM,,3
"2026-10-01","07",,8,0,,"",,IPCOMPentafonBC2,,8
"2026-10-01","06",122.46698661666666669999,15,6,,"",,Simon&Shuster,,15
"2026-10-01","01",59.9839963500000000,1,0,,"",,IpcomTecMTYsoluciones,,1
"2026-10-01","07",,1,0,,"",,BanCoppel_Conver_CM,,1
"2026-10-01","06",,1,0,,"",,IPCOMPentafonBC1,,1
"2026-10-01","07",,0,0,AUTHENTICATION,"",,IpcomGayossoAPI,,1
"2026-10-01","07",,1,0,,"",,PENTAFON_CM_SINGLE,,1
"2026-10-01","01",120.20561650000000000000,3,1,,"",,Simon&Shuster,,3
"2026-10-01","00",60.0000345000000000,1,0,,"",,UNITEC_ONLINE_Single,,1
"2026-10-01","02",119.9701549166666666,2,0,,"",,IPCOMApexWOM,,2
"2026-10-01","01",60.0000479000000000,1,0,,"",,UVM_UNITEC_Conver,,1
"2026-10-01","02",59.9847651666666667,1,0,,"",,IPCOMPentafon,,1
"2026-10-01","00",600.0000000000000000,0,0,MARKETING,"",,IpcomTokaCorporativo,,10
"2026-10-01","07",,7,0,,"",,IPCOMPentafonBC1,,7
"2026-10-01","00",362.36606321666666666667,8,2,,"",,Simon&Shuster,,8
"2026-10-01","07",,1,0,,"",,IPCOMGMTMovistar,,1
"2026-10-01","00",10.0655718000000000,1,0,,"",,IpcomTOKAPromociones,,1
"2026-10-01","08",,1,0,,"",,IpcomSondaBrilla,,1
"2026-10-01","00",2342.5612722833333333,0,1,marketing_lite,"",,IpcomTokaCorporativo,,40
"2026-10-01","00",6.7911370833333334,2,0,,"",CO.2262203264314512,IPCOMColombiaNew,,2
"2026-10-01","02",420.71365551666666670000,9,2,,"",,Simon&Shuster,,9
"2026-10-01","00",0.31302628333333333333,1,0,,"",CO.2244595212741984,IPCOMColombiaNew,,1
"2026-10-01","08",,0,0,AUTHENTICATION,"",,IpcomGayossoAPI,,2
"2026-10-01","02",0.07278163333333333334,3,3,,"",,IpcomTokaCorporativo,,3
"2026-10-01","06",,1,0,,"",,UVM_UNITEC_Conver,,1
"2026-10-01","01",0.03603505000000000000,2,2,,"",,IpcomTokaCorporativo,,2
"2026-10-01","06",,1,0,,"",,IpcomPreventa360Z,,1
"2026-10-01","00",360.0000000000000000,0,0,AUTHENTICATION,"",,IpcomGayossoAPI,,6
"2026-10-01","00",479.8790541833333334,8,0,,"",,IPCOMPentafonBC1,,8
"2026-10-01","04",481.87509408333333346667,11,3,,"",,Simon&Shuster,,11
"2026-10-01","05",0.02638083333333333333,1,1,,"",,IpcomTokaCorporativo,,1
"2026-10-01","00",180.0300126500000000,3,1,,"",,IPCOMPentafonBC3,,3
"2026-10-01","03",59.9853566500000000,1,0,,"",,IPCOMPentafonBC3,,1
"2026-10-01","00",9.0367025166666667,0,0,MARKETING,"",CO.2244595212741984,IPCOMColombiaNew,,2
"2026-10-01","00",841.7092193500000000,0,0,UTILITY,"",,IpcomGayossoAPI,,14
"2026-10-01","08",,1,0,,"",,PENTAFON_GOOGLE_CONVERSACIONAL,,1
"2026-10-01","00",419.9072647000000000,7,0,,"",,IPCOMPentafon,,7
"2026-10-01","00",120.0001063666666667,2,0,,"",,PENTAFON_GOOGLE_CONVERSACIONAL,,2
"2026-10-01","06",,0,0,marketing_lite,"",,IpcomTokaCorporativo,,3
"2026-10-01","08",,0,0,marketing_lite,"",,IpcomTokaCorporativo,,8
"2026-10-01","06",60.0473311333333333,3,1,,"",,IPCOMPentafonBC2,,3
"2026-10-01","06",60.0000401500000000,1,0,,"",,PENTAFON_CM_SINGLE,,1
"2026-10-01","02",60.2812274833333333,1,0,,"",,IPCOMGMTMovistar,,1
"2026-10-01","02",360.0677569333333332,6,1,,"",,IPCOMPentafonBC2,,6
"2026-10-01","08",,1,0,,"",,IpcomTecMTYsoluciones,,1
"2026-10-01","07",,2,0,,"",,UVM_UNITEC_Conver,,2
"2026-10-01","01",60.0000606166666667,1,0,,"",,BanCoppel_Conver_CM,,1
"2026-10-01","01",120.1469754833333334,2,0,,"",,IPCOMPentafonBC4,,2
"2026-10-01","00",60.0000497166666667,1,0,,"",,BanCoppel_Conver_CM,,1
"2026-10-01","01",180.4083948666666667,3,0,,"",,IPCOMPentafonBC1,,3
"2026-10-01","00",120.0000843000000000,2,0,,"",,PENTAFON_CM_SINGLE,,2
"2026-10-01","00",179.9562737500000000,3,0,,"",,IPCOMPentafonBC4,,3
"2026-10-01","00",63.2071307333333333,0,0,MARKETING,"",CO.2256561021545403,IPCOMColombiaNew,,2
"2026-10-01","03",0.01692738333333333333,1,1,,"",,IpcomTokaCorporativo,,1
"2026-10-01","07",0.03475520000000000000,2,2,,"",,IpcomTokaCorporativo,,2
"2026-10-01","03",60.0000420000000000,1,0,,"",,EXITUS_VENTAS_CNV,,1
"2026-10-01","07",,1,0,,"",,DaviviendaHondurasFraudes,,1
"2026-10-01","00",360.0000000000000000,0,0,MARKETING,"",,IPCOMColombiaNew,,6
"2026-10-01","04",59.9846470666666667,1,0,,"",,IPCOMPentafonBC2,,1
"2026-10-01","03",60.0000000000000000,0,0,AUTHENTICATION,"",,IpcomGayossoAPI,,1
"2026-10-01","04",60.0003394833333333,1,0,,"",,PENTAFON_GOOGLE_CONVERSACIONAL,,1
"2026-10-01","05",483.23759718333333343333,10,2,,"",,Simon&Shuster,,10
"2026-10-01","06",59.9852292000000000,12,0,,"",,IPCOMApexWOM,,12
"2026-10-01","08",,5,0,,"",,IPCOMApexWOM,,5
"2026-10-01","03",60.0000423166666667,1,0,,"",,EXITUS_CREDIT_SINGLE,,1
"2026-10-01","06",59.9855529500000000,3,0,,"",,IPCOMPentafon,,3
"2026-10-01","04",60.0000000000000000,0,0,MARKETING,"",,IpcomTokaCorporativo,,1
"2026-10-01","02",62.2296573666666667,1,0,,"",,IpcomDaviviendaHNCobros,,1
"2026-10-01","05",59.9855014500000000,1,0,,"",,IPCOMPentafon,,1
"2026-10-01","00",4.4373711500000000,2,0,,"",CO.2244009422800563,IPCOMColombiaNew,,2
"2026-10-01","00",122.1759982833333334,4,1,,"",,IpcomGMTCirculoDeCreditoAtencion,,4
"2026-10-01","07",,15,0,,"",,IPCOMApexWOM,,15
"2026-10-01","05",60.0000376000000000,1,0,,"",,BanCoppel_Conver_CM,,1
"2026-10-01","08",,0,0,MARKETING,"",,IpcomTokaCorporativo,,2
"2026-10-01","03",361.13365930000000006667,7,1,,"",,Simon&Shuster,,7
"2026-10-01","02",59.9840186500000000,1,0,,"",,IpcomTecMTYsoluciones,,1
"2026-10-01","07",,1,0,,"",,IPCOMPentafonBC4,,1
"2026-10-01","07",6.2334229333333334,0,3,marketing_lite,"",,IpcomTokaCorporativo,,20
"2026-10-01","01",239.7201721666666667,5,0,,"",,IpcomGMTCirculoDeCreditoAtencion,,5
"2026-10-01","05",119.9668324166666666,2,0,,"",,IPCOMPentafonBC2,,2
"2026-10-01","01",1505.91287846666666666667,0,2,marketing_lite,"",,IpcomTokaCorporativo,,27
"2026-10-01","01",179.9554581000000000,3,0,,"",,IPCOMPentafon,,3
"2026-10-01","02",59.9852933666666667,1,0,,"",,IPCOMPentafonBC4,,1
"2026-10-01","00",59.9854176166666667,1,0,,"",,IpcomDaviviendaHNCobros,,1
"2026-10-01","07",5.2367154000000000,2,1,,"",,IpcomGMTCirculoDeCreditoAtencion,,2
"2026-10-01","06",,2,0,,"",,IpcomDaviviendaHNCobros,,2
"2026-10-01","08",,1,0,,"",,IPCOMGMTMovistar,,1
"2026-10-01","03",179.9547613500000000,3,0,,"",,IPCOMPentafon,,3
"2026-10-01","02",362.34293665000000000000,0,2,MARKETING,"",,IpcomTokaCorporativo,,8
"2026-10-01","00",179.96192070000000003333,4,1,,"",,IpcomTecMTYsoluciones,,4
"2026-10-01","05",660.0000000000000000,0,0,MARKETING,"",,IpcomTokaCorporativo,,11
"2026-10-01","08",,1,0,,"",,ASESORIA_BYR_BASIC,,1
"2026-10-01","06",,1,0,,"",,IpcomTecMTYRegistroSoluciones,,1
"2026-10-01","01",1020.0000000000000000,0,0,MARKETING,"",,IpcomTokaCorporativo,,17
"2026-10-01","00",419.9824367833333333,7,1,,"",,IPCOMPentafonBC2,,7
"2026-10-01","08",0.02717816666666666667,1,1,,"",,IpcomTokaCorporativo,,1
"2026-10-01","06",,0,0,MARKETING,"",,IpcomTokaCorporativo,,1
"2026-10-01","01",180.0972520166666667,3,1,,"",,IPCOMPentafonBC2,,3
"2026-10-01","00",241.9425810166666666,4,0,,"",,UVM_UNITEC_Conver,,4
"2026-10-01","07",12.03274170000000000000,3,0,,"",,IpcomSondaBrilla,,3
"2026-10-01","00",8.8273372166666666,0,0,MARKETING,"",CO.2262203264314512,IPCOMColombiaNew,,2
"2026-10-01","02",60.2987453333333333,1,0,,"",,CORPCOB_SINGLE,,1
"2026-10-01","06",0.02107406666666666667,1,1,,"",,IpcomTecMTYsoluciones,,1
"2026-10-01","02",974.1550003333333333,0,1,marketing_lite,"",,IpcomTokaCorporativo,,17
"2026-10-01","02",180.0000000000000000,0,0,AUTHENTICATION,"",,IpcomGayossoAPI,,3
"2026-10-01","00",8.1670603833333333,0,0,MARKETING,"",CO.2244009422800563,IPCOMColombiaNew,,2
"2026-10-01","00",63.7293531833333333,0,0,MARKETING,"",CO.2245025589365613,IPCOMColombiaNew,,2
"2026-10-01","04",60.0000000000000000,1,0,,"",,IPCOMApexWOM,,1
"2026-10-01","05",60.0000000000000000,0,0,AUTHENTICATION,"",,IpcomGayossoAPI,,1
"2026-10-01","08",,1,0,,"",,IPCOMPentafonBC2,,1
"2026-10-01","01",240.0000000000000000,0,0,AUTHENTICATION,"",,IpcomGayossoAPI,,4
"2026-10-01","04",180.0000000000000000,0,0,marketing_lite,"",,IpcomTokaCorporativo,,3
"2026-10-01","07",0.03014790000000000000,1,1,,"",,IpcomTecMTYRegistroSoluciones,,1
"2026-10-01","03",120.0000000000000000,0,0,MARKETING,"",,IpcomTokaCorporativo,,2
"2026-10-01","08",,1,0,,"",,IPCOMPentafonBC4,,1
"2026-10-01","06",,1,0,,"",,IPCOMPentafonBC4,,1
"2026-10-01","07",2.62377620000000000000,7,2,,"",,Simon&Shuster,,7
"2026-10-01","03",120.6717015333333334,2,0,,"",,IPCOMApexWOM,,2
"2026-10-01","01",60.0000583000000000,1,0,,"",,CORPCOB_SINGLE,,1
